customer_id,first_name,last_name,email,gender,ip_address,city,postal_code,state,race
1,Linoel,Bratcher,lbratcher0@diigo.com,Male,165.163.131.254,Xinminxiang,,,Hmong
2,Glad,Blasl,gblasl1@alexa.com,Female,30.238.154.85,Sanyi,,,Peruvian
3,Leandra,Wrightem,lwrightem2@nba.com,Female,192.4.153.37,Aurora,7020,,Mexican
4,Cynthy,Dalliwatr,cdalliwatr3@deliciousdays.com,Female,173.78.238.54,Boto,,,Peruvian
5,Shane,Orrill,sorrill4@storify.com,Female,150.207.231.175,Seidu,,,Yakama
6,Calypso,Sutheran,csutheran5@statcounter.com,Female,20.232.3.190,Al Mushannaf,,,Pakistani
7,Kelila,Curthoys,kcurthoys6@naver.com,Female,6.22.195.101,Longgang,,,Ottawa
8,Brooke,Fallens,bfallens7@epa.gov,Male,2.100.178.241,Foča,,,Mexican
9,Edik,Helsdon,ehelsdon8@webnode.com,Male,177.219.130.149,Xiaozhi,,,Delaware
10,Rogerio,Hardway,rhardway9@wikimedia.org,Male,145.244.29.227,Dayou,,,Latin American Indian
11,Jerrold,Ivanaev,jivanaeva@bloglines.com,Male,91.247.209.73,Kokhanava,,,Cherokee
12,Odey,Dagwell,odagwellb@163.com,Male,228.230.58.62,Xiaocun,,,Black or African American
13,Mattie,Linden,mlindenc@phoca.cz,Female,15.123.68.160,Severo-Zadonsk,301792,,Cheyenne
14,Torin,Jerosch,tjeroschd@google.com.hk,Male,17.55.45.122,Seattle,98175,Washington,Tongan
15,Lorinda,Rodear,lrodeare@census.gov,Female,254.91.136.23,Flin Flon,R8A,Manitoba,Eskimo
16,Noella,Benley,nbenleyf@typepad.com,Female,50.193.106.178,Erhe,,,Laotian
17,Onida,Jacques,ojacquesg@bing.com,Female,158.184.144.175,Phước An,,,Seminole
18,Glynn,Simonazzi,gsimonazzih@ehow.com,Male,141.235.136.157,La Colorada,,,Cree
19,Carr,Archibould,carchibouldi@addtoany.com,Male,48.106.33.61,San Francisco,4655,,Uruguayan
20,Sondra,Stickler,ssticklerj@php.net,Female,20.99.130.36,Almeirim,68230-000,,Guatemalan
21,Jamison,Vickarman,jvickarmank@cbsnews.com,Male,120.212.39.206,Putina,,,Micronesian
22,Lorianna,Harden,lhardenl@nationalgeographic.com,Female,54.150.234.168,Kwolla,,,Pakistani
23,Hersch,Stebbings,hstebbingsm@harvard.edu,Male,185.51.187.80,Oslo,0460,Oslo,Ecuadorian
24,Hillier,Crunkhurn,hcrunkhurnn@e-recht24.de,Male,56.222.60.159,Kenzhe,361424,,Fijian
25,Leilah,Yarrington,lyarringtono@ebay.co.uk,Female,92.219.144.121,Ho,,,Pima
26,Deerdre,O' Timony,dotimonyp@newyorker.com,Female,190.57.150.93,Heihe,,,Bangladeshi
27,Brooks,Brecknell,bbrecknellq@quantcast.com,Female,56.245.68.76,Šentvid pri Stični,1296,,Choctaw
28,Cahra,Beswell,cbeswellr@xing.com,Female,208.243.214.196,Ar Rifā‘,,,Seminole
29,Harman,Gue,hgues@usda.gov,Male,112.125.63.194,Citeureup,,,Filipino
30,Ellynn,Antonich,eantonicht@cnet.com,Female,65.170.189.156,Sussex,E4E,New Brunswick,Cherokee
31,Arabela,Moorey,amooreyu@gmpg.org,Female,10.206.147.224,Profítis Ilías,,,Yuman
32,Jeanette,Dikes,jdikesv@businessweek.com,Female,75.101.6.178,Frankfort,9830,,Bangladeshi
33,Calypso,Knivett,cknivettw@flavors.me,Female,56.74.16.191,Boucherville,J4B,Québec,Micronesian
34,Nessa,Kelner,nkelnerx@facebook.com,Female,158.244.169.26,Chowki Jamali,80401,,Salvadoran
35,Siobhan,Wand,swandy@histats.com,Bigender,74.153.44.152,Kuangyuan,,,Lumbee
36,Pincus,Jacqueme,pjacquemez@prlog.org,Male,232.171.17.48,Safakulevo,641080,,Argentinian
37,Burnard,Cauley,bcauley10@harvard.edu,Male,202.223.93.221,San Antonio,,,Fijian
38,Gwyn,Schapiro,gschapiro11@booking.com,Female,97.184.74.141,Miliangju,,,Tohono O'Odham
39,Jordanna,Baskerfield,jbaskerfield12@cafepress.com,Female,252.7.64.13,Bundoc,3515,,Puget Sound Salish
40,Benedikt,Smeall,bsmeall13@gov.uk,Male,74.175.197.43,Zougang,,,White
41,Faulkner,Downham,fdownham14@quantcast.com,Male,133.14.84.70,Ljubovija,,,Nicaraguan
42,Kip,Formigli,kformigli15@csmonitor.com,Male,59.149.210.243,La Cruz de Río Grande,,,Filipino
43,Bevan,Velasquez,bvelasquez16@geocities.jp,Male,204.14.91.211,Geneng,,,Latin American Indian
44,Read,Summerlie,rsummerlie17@bloglines.com,Male,229.13.89.88,Waiwukak,,,Nicaraguan
45,Deloris,Naughton,dnaughton18@go.com,Female,118.113.62.85,Natal,59000-000,,Puget Sound Salish
46,Madelaine,Gunning,mgunning19@altervista.org,Female,237.70.176.94,Jielong,,,Houma
47,Ario,Reilly,areilly1a@state.gov,Male,96.163.81.150,Mulhouse,68947 CEDEX 9,Alsace,Sri Lankan
48,Gale,Fuchs,gfuchs1b@is.gd,Female,197.11.55.240,Cibugel,,,Hmong
49,Lock,Millhill,lmillhill1c@skype.com,Male,173.208.49.59,Atiquizaya,,,White
50,Urban,Menghi,umenghi1d@instagram.com,Male,0.238.104.242,Gludug,,,Laotian
51,Sherman,Burlingame,sburlingame1e@sciencedirect.com,Male,228.152.155.153,Leeuwarden,8904,Provincie Friesland,Pakistani
52,Lewie,Sabben,lsabben1f@opensource.org,Bigender,183.73.193.119,Muraharjo,,,Paraguayan
53,Augustin,Kershaw,akershaw1g@github.io,Male,100.8.171.120,Fontenay-sous-Bois,94129 CEDEX,Île-de-France,Asian Indian
54,Chere,Ruckhard,cruckhard1h@trellian.com,Female,64.129.54.135,Aiquile,,,Latin American Indian
55,Bethina,Sansome,bsansome1i@amazon.co.jp,Female,96.201.178.92,Kadudampit,,,Laotian
56,Trudy,Cobbe,tcobbe1j@answers.com,Female,27.90.145.124,Tuohua,,,Lumbee
57,Fernande,Beckenham,fbeckenham1k@arizona.edu,Female,247.81.26.11,Gizałki,63-308,,Osage
58,Keir,Brittin,kbrittin1l@tripod.com,Male,245.118.23.55,Badovinci,,,Ottawa
59,Sidonnie,McGerr,smcgerr1m@chron.com,Female,152.82.127.142,Concepcion,7213,,Chilean
60,Bat,Desseine,bdesseine1n@xinhuanet.com,Male,20.123.158.68,El Cerrito,48203,Jalisco,Chilean
61,Rusty,Dudek,rdudek1o@4shared.com,Male,134.244.197.90,Cikawung,,,Malaysian
62,Blanche,Stanlock,bstanlock1p@cnbc.com,Female,116.146.115.53,Dera Bugti,80100,,Fijian
63,Vaughan,O'Sheilds,vosheilds1q@oaic.gov.au,Male,1.229.39.159,Dhībīn,,,Comanche
64,Loralee,Stinton,lstinton1r@typepad.com,Female,134.203.140.189,Nagosela,3440-635,Viseu,Yaqui
65,Aggi,Tchir,atchir1s@xrea.com,Female,229.48.35.78,Krasnoshchekovo,658343,,Dominican (Dominican Republic)
66,Joelie,Vedenisov,jvedenisov1t@wikipedia.org,Female,147.188.174.46,Hajoho,,,Cherokee
67,Cedric,Livock,clivock1u@umn.edu,Male,192.185.178.186,Krajan,,,Venezuelan
68,Brand,Bertome,bbertome1v@jiathis.com,Male,174.198.255.76,Tobelo,,,Eskimo
69,Michal,Goulthorp,mgoulthorp1w@yelp.com,Female,84.156.71.53,Zhanjiang,,,American Indian
70,Osbourn,Oliphard,ooliphard1x@abc.net.au,Male,77.211.41.94,Bol,,,Micronesian
71,Millie,Ferrarello,mferrarello1y@vk.com,Female,77.50.232.175,Belsk Duży,05-622,,Seminole
72,Marji,Mallan,mmallan1z@indiatimes.com,Bigender,194.190.99.25,Aldeia do Bispo,6090-075,Castelo Branco,Cuban
73,Fanni,Carbonell,fcarbonell20@fc2.com,Female,3.203.74.165,Tangga’an,,,Panamanian
74,Muire,Collens,mcollens21@house.gov,Non-binary,56.107.235.11,Walakeri,,,Eskimo
75,Otho,Lawlance,olawlance22@exblog.jp,Male,219.117.100.28,Ban Phaeo,74120,,Puget Sound Salish
76,Marigold,Athowe,mathowe23@domainmarket.com,Female,56.140.183.238,Nikhom Kham Soi,49130,,Yaqui
77,Tate,Semken,tsemken24@bandcamp.com,Polygender,250.98.40.142,Waishan,,,Micronesian
78,Devora,Wagenen,dwagenen25@blogs.com,Female,175.57.215.72,Minamata,869-5604,,Yakama
79,Swen,Chittock,schittock26@seesaa.net,Male,150.53.242.146,Bjelovar,43000,,Samoan
80,Horton,Bielefeld,hbielefeld27@java.com,Genderfluid,9.215.185.38,Tsalgar,,,Delaware
81,Alyda,Gorse,agorse28@sourceforge.net,Genderqueer,133.105.114.174,Lazarat,,,Yaqui
82,Karry,Woolacott,kwoolacott29@gizmodo.com,Female,149.214.206.205,Banjar Kelodan,,,Central American
83,Dan,Mozzini,dmozzini2a@irs.gov,Male,197.36.55.152,Wajak,,,Ecuadorian
84,Kendall,Checklin,kchecklin2b@godaddy.com,Male,221.40.167.99,Changjiang,,,Asian
85,Barnett,Calvie,bcalvie2c@infoseek.co.jp,Male,56.71.238.216,Mrzezino,84-130,,Comanche
86,Brit,Sealy,bsealy2d@tinyurl.com,Male,218.242.247.158,Pueblo Nuevo,,,Eskimo
87,Reggie,Woodley,rwoodley2e@topsy.com,Male,181.224.250.238,Armenta,,,Tohono O'Odham
88,Maria,Redish,mredish2f@soundcloud.com,Genderqueer,84.152.147.44,Bojongaren,,,Native Hawaiian and Other Pacific Islander (NHPI)
89,Sela,Garr,sgarr2g@woothemes.com,Female,227.106.134.7,Lautaro,,,Osage
90,Mel,Dunniom,mdunniom2h@ebay.co.uk,Female,40.113.86.183,Foshan,,,Uruguayan
91,Eydie,Wildor,ewildor2i@exblog.jp,Bigender,37.162.3.156,Belém,58255-000,,Samoan
92,Maxy,Mylechreest,mmylechreest2j@google.com.br,Female,163.227.228.9,Dongchong,,,Bolivian
93,Arley,Rainforth,arainforth2k@woothemes.com,Male,109.70.216.251,Honkajoki,38951,,Thai
94,Winnie,Sandes,wsandes2l@wikipedia.org,Male,241.239.193.232,Río de Jesús,,,Chilean
95,Bearnard,Schimmang,bschimmang2m@slate.com,Genderqueer,228.247.194.59,Satun,23120,,Pueblo
96,Rinaldo,Ghidetti,rghidetti2n@msn.com,Male,223.152.222.143,Sandviken,811 40,Gävleborg,Eskimo
97,Townie,Vela,tvela2o@myspace.com,Male,105.109.43.48,Jiulong,,,Guatemalan
98,Rey,Arnefield,rarnefield2p@google.co.jp,Male,220.231.74.170,Trstenik,,,Panamanian
99,Cirstoforo,Hallowes,challowes2q@telegraph.co.uk,Male,167.77.22.96,Talavera,3114,,Sri Lankan
100,Cecilia,Oldroyde,coldroyde2r@google.es,Female,0.152.203.107,Otradnoye,187332,,Puget Sound Salish
101,Merill,Beggan,mbeggan2s@vkontakte.ru,Male,160.9.115.241,Puteaux,92822 CEDEX,Île-de-France,Tongan
102,Keslie,Kunkler,kkunkler2t@symantec.com,Female,93.180.227.122,Bagadó,271058,,Spaniard
103,Cleve,McWhinnie,cmcwhinnie2u@tamu.edu,Male,20.235.221.87,Forestville,G2B,Québec,Ute
104,Giraldo,Antowski,gantowski2v@abc.net.au,Male,54.198.178.150,Olleros,,,Black or African American
105,Carley,Ayshford,cayshford2w@liveinternet.ru,Female,58.189.169.22,České Meziříčí,517 71,,Fijian
106,Cindra,Morrieson,cmorrieson2x@foxnews.com,Female,158.53.246.157,München,80686,Bayern,Puerto Rican
107,Louise,MacCrosson,lmaccrosson2y@technorati.com,Female,242.158.137.67,Medina,39620-000,,Laotian
108,Madalena,Bris,mbris2z@cargocollective.com,Female,21.14.187.216,Gorelovo,644091,,Tongan
109,Beitris,Clelle,bclelle30@paginegialle.it,Female,173.182.40.233,Longhua,,,Creek
110,Marguerite,Hamlyn,mhamlyn31@constantcontact.com,Genderfluid,26.95.18.16,Xiachen,,,Asian
111,Lorry,Biagi,lbiagi32@seesaa.net,Female,84.97.235.15,Minchinābād,58031,,Honduran
112,Selig,Lister,slister33@elpais.com,Male,107.52.68.166,Dalianhe,,,Chippewa
113,Julio,Morrall,jmorrall34@tripod.com,Male,68.98.184.193,Murmuiža,,,Nicaraguan
114,Delainey,Joint,djoint35@cpanel.net,Male,45.233.41.165,Zhaike,,,Honduran
115,Base,Konrad,bkonrad36@networksolutions.com,Male,105.11.110.145,Liangshan,,,Tongan
116,Ethel,Kerne,ekerne37@blinklist.com,Female,241.180.191.233,Pocsi,,,Eskimo
117,Earvin,Placidi,eplacidi38@blogger.com,Male,191.213.35.204,Daur,67410,,Ute
118,Myron,Goodlife,mgoodlife39@behance.net,Male,16.16.161.218,Podu,,,Apache
119,Nichole,Leport,nleport3a@odnoklassniki.ru,Female,237.141.151.181,Andilamena,,,Seminole
120,Nicolette,Juszczyk,njuszczyk3b@ovh.net,Female,48.68.60.87,Nossa Senhora de Machede,7005-676,Évora,Hmong
121,Robinson,Fletham,rfletham3c@acquirethisname.com,Male,72.57.9.171,Borovo,7119,,Micronesian
122,William,Chastey,wchastey3d@state.gov,Male,48.40.184.199,Colos,7630-305,Beja,Micronesian
123,Catherine,Grzegorzewski,cgrzegorzewski3e@guardian.co.uk,Female,218.133.93.77,Pailou,,,Sioux
124,Worthington,Trail,wtrail3f@cyberchimps.com,Male,180.113.69.255,Rajhradice,664 61,,Osage
125,Marysa,Geroldini,mgeroldini3g@va.gov,Female,210.218.2.152,Gulai,,,Potawatomi
126,Deborah,Dulin,ddulin3h@instagram.com,Female,212.139.208.50,Gaopu,,,Iroquois
127,Marya,Spurryer,mspurryer3i@upenn.edu,Female,206.193.145.39,Nawal,,,Filipino
128,Nikolaos,Gilmore,ngilmore3j@dion.ne.jp,Male,15.78.143.145,Bārkhān,84400,,Kiowa
129,Dominique,Heningam,dheningam3k@ucsd.edu,Male,197.51.88.14,Haixing,,,Osage
130,Cassius,Dilliston,cdilliston3l@time.com,Male,204.125.212.246,Straszydle,36-043,,Chippewa
131,Simone,Hamper,shamper3m@geocities.com,Male,65.109.165.80,Itaporanga,18480-000,,Paiute
132,Bastien,Bake,bbake3n@addthis.com,Male,90.233.111.192,Agnibilékrou,,,Chickasaw
133,Jeramie,Hynam,jhynam3o@shareasale.com,Male,35.53.105.55,Ituiutaba,38300-000,,Mexican
134,Tedi,Beagen,tbeagen3p@netvibes.com,Female,20.110.241.238,Lugovoy,,,Aleut
135,Palmer,McGreal,pmcgreal3q@friendfeed.com,Male,6.180.227.81,Tayturka,171649,,Native Hawaiian
136,Tildie,Verner,tverner3r@meetup.com,Female,168.27.115.193,Licheng,,,Vietnamese
137,Rhodie,Nisbith,rnisbith3s@sogou.com,Female,43.221.164.148,Borgo Maggiore,47893,,Blackfeet
138,Kaila,Zucker,kzucker3t@hp.com,Female,73.150.129.139,Dong Liang’erzhuang,,,American Indian and Alaska Native (AIAN)
139,Adolph,Skeermor,askeermor3u@so-net.ne.jp,Male,85.203.197.77,Mtwango,,,Shoshone
140,Saxe,Maior,smaior3v@gravatar.com,Male,54.15.199.5,Apitong,4405,,Nicaraguan
141,Coretta,Rubke,crubke3w@netvibes.com,Female,166.190.11.46,Mashan,,,Thai
142,Bridget,Stebbings,bstebbings3x@dropbox.com,Female,3.7.192.203,Martaban,,,Comanche
143,Giavani,Forsbey,gforsbey3y@stanford.edu,Male,34.212.90.136,Dolní Černilov,503 03,,Dominican (Dominican Republic)
144,Pail,Wheelton,pwheelton3z@usatoday.com,Male,63.86.19.243,Thymianá,,,Colville
145,Nealson,MacKartan,nmackartan40@usgs.gov,Male,227.56.57.242,Quebrada de Arena,,,Tongan
146,Brew,Audry,baudry41@ucoz.com,Male,86.39.88.235,Saint-Pierre-des-Corps,37705 CEDEX,Centre,Menominee
147,Brent,Livesey,blivesey42@wired.com,Male,166.113.43.91,Urzuf,,,Salvadoran
148,Robinett,Scraney,rscraney43@barnesandnoble.com,Female,57.145.197.93,Lusong,2519,,Filipino
149,Marguerite,Storcke,mstorcke44@go.com,Female,194.199.200.138,Makabe,901-0336,,Paraguayan
150,Shermie,Gwinn,sgwinn45@craigslist.org,Bigender,39.245.178.20,Ołpiny,38-247,,Central American
151,Callean,Fortye,cfortye46@dailymail.co.uk,Male,254.38.29.230,Independencia,38260,Guanajuato,Paraguayan
152,Lee,Adger,ladger47@gravatar.com,Male,88.6.19.11,Jiaotang,,,White
153,Lucien,McIlenna,lmcilenna48@state.tx.us,Male,42.229.227.225,Pisaras,,,Blackfeet
154,Auguste,Wakenshaw,awakenshaw49@printfriendly.com,Female,28.181.166.242,Glondong,,,Iroquois
155,Alessandra,Couche,acouche4a@diigo.com,Female,202.36.190.192,Zheshan,,,Malaysian
156,Karyl,Rubee,krubee4b@google.co.uk,Female,251.156.237.208,Malhão,8150-045,Faro,Alaska Native
157,Camel,Rosander,crosander4c@gizmodo.com,Female,75.60.147.146,Zheshart,169045,,Paiute
158,Creigh,Cicetti,ccicetti4d@ehow.com,Male,195.76.184.174,Cawayan,5409,,Chinese
159,Torry,Rubinow,trubinow4e@delicious.com,Male,94.192.245.205,Namasuba,,,Navajo
160,Ophelie,Brame,obrame4f@feedburner.com,Female,255.250.219.3,Strömsnäsbruk,287 32,Kronoberg,Cuban
161,Lyndsay,Novotne,lnovotne4g@blogger.com,Female,89.101.126.12,Tokmok,,,Salvadoran
162,Kelsy,Hayfield,khayfield4h@washingtonpost.com,Female,129.154.207.171,San Francisco,8501,,Argentinian
163,Alie,Geroldo,ageroldo4i@hibu.com,Female,38.134.170.6,Tayu,,,Aleut
164,Wye,Bunkle,wbunkle4j@hugedomains.com,Male,40.77.97.96,Cardona,1950,,Black or African American
165,Cyndi,Barkhouse,cbarkhouse4k@berkeley.edu,Female,66.77.183.103,Amarete,,,Peruvian
166,Heidi,Briffett,hbriffett4l@yahoo.co.jp,Female,207.150.23.19,Créteil,94952 CEDEX 9,Île-de-France,Apache
167,Willie,Fley,wfley4m@timesonline.co.uk,Female,9.225.120.112,Bellavista,47203,Jalisco,Osage
168,Anne,Cubberley,acubberley4n@jugem.jp,Female,11.255.108.80,Klimavichy,,,Chinese
169,Cari,Tutchener,ctutchener4o@themeforest.net,Female,168.227.226.109,Zdíkov,384 72,,Chippewa
170,Heath,Rabbe,hrabbe4p@meetup.com,Agender,65.9.82.91,Tovačov,752 01,,Menominee
171,Giorgi,Orbine,gorbine4q@diigo.com,Male,183.151.198.145,Falköping,521 96,Västra Götaland,Tohono O'Odham
172,Lottie,Ondracek,londracek4r@youku.com,Bigender,120.118.185.244,Memphis,38197,Tennessee,Colville
173,Hayden,Cowie,hcowie4s@tinypic.com,Male,140.151.99.139,Mishkino,453747,,Taiwanese
174,Gunther,Bremen,gbremen4t@dot.gov,Male,218.146.186.88,Bouzov,783 25,,Spaniard
175,Joellen,Kuhnt,jkuhnt4u@microsoft.com,Female,37.142.25.25,Brooklyn,6443,,Bolivian
176,Rollo,Orta,rorta4v@eventbrite.com,Male,221.130.127.185,Talghar,,,Pima
177,Joanna,Arter,jarter4w@howstuffworks.com,Female,52.134.98.251,Ciudad Nueva,10208,,Panamanian
178,Konstantin,Cowperthwaite,kcowperthwaite4x@histats.com,Male,33.219.101.76,Atakpamé,,,Sioux
179,Nanine,Levecque,nlevecque4y@webeden.co.uk,Female,223.201.200.112,Congas,,,Indonesian
180,Cammy,Philimore,cphilimore4z@e-recht24.de,Male,74.255.109.132,Kamālia,57351,,Chilean
181,Hilly,Billin,hbillin50@squarespace.com,Male,133.58.93.28,Nowy Staw,82-230,,Asian
182,Rey,Phalip,rphalip51@dmoz.org,Male,16.56.118.99,Hang Dong,50230,,Cambodian
183,Vinson,Astlett,vastlett52@addthis.com,Male,185.134.114.134,Pryyutivka,,,Cherokee
184,Cornelle,Savoury,csavoury53@shutterfly.com,Female,171.180.119.80,Wanjia,,,Native Hawaiian
185,Leann,Nossent,lnossent54@indiatimes.com,Female,113.45.112.138,Kotadukuh,,,Micronesian
186,Brenden,Gabriely,bgabriely55@examiner.com,Male,73.114.38.173,Akron,44315,Ohio,Panamanian
187,Stormi,Standring,sstandring56@vimeo.com,Female,249.73.12.187,Łęki,38-473,,Latin American Indian
188,Rolph,Funcheon,rfuncheon57@joomla.org,Male,127.226.127.85,Miguel Hidalgo,37487,Guanajuato,Salvadoran
189,Cathleen,Ilchenko,cilchenko58@wikispaces.com,Female,194.211.229.0,Umbultanjung,,,Creek
190,Callean,Casoni,ccasoni59@cbsnews.com,Male,216.169.237.63,Peabiru,87250-000,,Central American
191,Saloma,Biskupski,sbiskupski5a@nymag.com,Female,245.4.81.151,Lospalos,,,Ecuadorian
192,Danila,Moakes,dmoakes5b@webs.com,Female,32.34.169.128,San Luis,8511,,Osage
193,Brandy,Renny,brenny5c@imgur.com,Male,187.124.103.48,Saint Louis,63143,Missouri,Korean
194,Cornelle,Phlippi,cphlippi5d@bing.com,Female,141.199.108.55,Bantul,,,Bolivian
195,Junia,Gowlett,jgowlett5e@1und1.de,Female,85.101.254.204,Jovim,4510-005,Porto,Lumbee
196,Casper,Zanicchelli,czanicchelli5f@google.es,Male,68.108.252.28,Hroznětín,584 01,,Salvadoran
197,Eleanore,Sheehan,esheehan5g@washington.edu,Female,74.11.53.67,Ulaan-Ereg,,,Hmong
198,Augy,Agg,aagg5h@opensource.org,Male,153.4.158.182,Mawu,,,Indonesian
199,Baryram,Bates,bbates5i@printfriendly.com,Male,184.96.248.118,Ngembak,,,Osage
200,Harbert,Crookes,hcrookes5j@nbcnews.com,Agender,66.202.38.12,Parung,,,Paraguayan
201,Martelle,Radleigh,mradleigh5k@cnn.com,Female,200.239.68.226,Anxi,,,Colville
202,Carson,Apthorpe,capthorpe5l@cafepress.com,Male,162.113.167.150,Daur,67410,,Delaware
203,Saw,Robley,srobley5m@pbs.org,Bigender,51.45.131.114,Oltintopkan,,,Aleut
204,Silvanus,Ramstead,sramstead5n@wired.com,Male,118.38.192.177,Luruaco,085068,,Korean
205,Maurice,Borrett,mborrett5o@usnews.com,Male,126.134.138.236,Wailiang,,,Cheyenne
206,Natalya,Patroni,npatroni5p@blinklist.com,Female,64.165.70.122,Sintung Timur,,,Tlingit-Haida
207,Boniface,Ratcliffe,bratcliffe5q@joomla.org,Male,125.163.56.238,Oslo,0123,Oslo,Chippewa
208,Ferrell,Dulin,fdulin5r@dailymail.co.uk,Male,136.112.40.96,Momil,232008,,Ute
209,Bertina,Haime,bhaime5s@cmu.edu,Female,182.19.37.97,Tibro,543 35,Västra Götaland,Ottawa
210,Constantin,Thunnercliffe,cthunnercliffe5t@shinystat.com,Male,98.41.217.207,Dobroměřice,440 01,,Blackfeet
211,Thomasine,Flanaghan,tflanaghan5u@angelfire.com,Genderfluid,162.210.100.249,Ar Rudayyif,,,Pueblo
212,Gabbie,Jantzen,gjantzen5v@ucla.edu,Male,38.178.49.155,Mỹ Xuyên,,,Puerto Rican
213,Ricca,Duffield,rduffield5w@chron.com,Female,198.57.87.253,Boychinovtsi,3453,,Ute
214,Auroora,O' Timony,aotimony5x@bandcamp.com,Female,34.218.130.226,Vabalninkas,41033,,Crow
215,Layton,Ramalhete,lramalhete5y@spiegel.de,Male,121.108.214.79,La Cuesta,,,Guatemalan
216,Griffin,Von Brook,gvonbrook5z@cdc.gov,Male,95.83.75.105,Portobelo,,,Choctaw
217,Tildie,Poff,tpoff60@slideshare.net,Non-binary,62.55.229.233,Jagodnjak,31324,,Uruguayan
218,Carolynn,Bartlomiejczyk,cbartlomiejczyk61@umn.edu,Bigender,116.29.82.149,Xishiqiao,,,Pakistani
219,Siegfried,Kindall,skindall62@github.com,Male,58.149.195.72,São Paio Merelim,4700-837,Braga,Lumbee
220,Gerda,Dodswell,gdodswell63@bravesites.com,Agender,148.14.125.183,Esperanza,8513,,Pima
221,Angelo,Kemish,akemish64@ed.gov,Male,117.49.165.82,Rustāq,,,Chilean
222,Hilario,Andor,handor65@marketwatch.com,Male,41.50.122.165,Kajuru,,,Hmong
223,Ernaline,Vynehall,evynehall66@blogs.com,Female,100.226.120.27,São Bento,4730-560,Braga,Shoshone
224,Nicko,Trevon,ntrevon67@w3.org,Male,166.120.241.199,Geser,,,Menominee
225,Herman,Tortoise,htortoise68@timesonline.co.uk,Male,218.143.252.88,Pinghu,,,Cheyenne
226,Kenon,McKinie,kmckinie69@google.fr,Male,227.230.68.73,Batabanó,,,Chamorro
227,Ianthe,Spores,ispores6a@slate.com,Female,205.191.55.46,Stockholm,113 90,Stockholm,Native Hawaiian
228,Odetta,Dwerryhouse,odwerryhouse6b@g.co,Female,185.156.95.170,Bielawy,99-423,,Chilean
229,Danie,McPhaden,dmcphaden6c@google.com.br,Male,134.198.42.207,Strängnäs,645 84,Södermanland,Alaska Native
230,Sayre,Gatteridge,sgatteridge6d@usda.gov,Male,17.219.147.25,Bacelo,4615-544,Porto,Navajo
231,Maisey,Jossum,mjossum6e@archive.org,Female,85.9.192.165,Santa Valha,5430-236,Vila Real,Latin American Indian
232,Jayson,Barnson,jbarnson6f@cdbaby.com,Male,126.15.171.71,Xiaoyan,,,Vietnamese
233,Winfield,Poulglais,wpoulglais6g@opera.com,Male,26.17.144.122,Krzyżanowice,47-450,,Laotian
234,Katee,Millichap,kmillichap6h@opera.com,Female,53.142.117.225,Punta Hermosa,,,Paiute
235,Henri,Parradye,hparradye6i@biglobe.ne.jp,Male,155.138.148.101,Yashao,,,Venezuelan
236,Frankie,St. Queintain,fstqueintain6j@house.gov,Genderfluid,185.208.116.39,Berlin,10715,Berlin,Comanche
237,Phedra,Humpherson,phumpherson6k@sogou.com,Female,11.220.84.142,Pojan,,,Native Hawaiian and Other Pacific Islander (NHPI)
238,Laureen,Gratten,lgratten6l@ibm.com,Female,12.12.193.39,Machinda,,,Shoshone
239,Dianne,Colley,dcolley6m@behance.net,Female,135.10.36.146,Kostyantynivka,,,Chippewa
240,Bernardina,De Dei,bdedei6n@mlb.com,Genderfluid,102.39.211.169,Luofang,,,White
241,Morgen,Gable,mgable6o@de.vu,Female,157.86.168.153,Bayan Gol,,,Apache
242,Dulcie,Fontaine,dfontaine6p@spiegel.de,Female,21.183.10.242,Patrocínio,38740-000,,Kiowa
243,Edythe,D'eath,edeath6q@sourceforge.net,Female,151.49.189.23,Yuguan,,,Menominee
244,Olympia,Oke,ooke6r@wiley.com,Female,240.81.249.114,Zhentian,,,Native Hawaiian
245,Brooke,Pulfer,bpulfer6s@booking.com,Female,255.207.10.212,Xichang,,,Houma
246,Jeno,Fadell,jfadell6t@icio.us,Male,146.11.194.179,Oksa,28-363,,Yaqui
247,Shepard,Easlea,seaslea6u@naver.com,Male,61.207.83.82,Uwajima,798-1354,,Creek
248,Toddie,Vlasin,tvlasin6v@hp.com,Male,128.170.38.100,Suzdal’,601293,,Navajo
249,Irina,Ruckman,iruckman6w@diigo.com,Female,180.227.64.29,Sokhumi,,,Ottawa
250,Oriana,Kegley,okegley6x@icq.com,Female,189.156.153.96,Ancahuasi,,,Tongan
251,Annabella,Beevis,abeevis6y@tuttocitta.it,Female,150.27.63.104,Bangbayang,,,Tongan
252,Gonzalo,Maceur,gmaceur6z@typepad.com,Male,109.215.231.96,Maoya,,,Colville
253,Adaline,Smitheman,asmitheman70@wikipedia.org,Female,19.1.130.197,Varnávas,,,Yaqui
254,Zeb,Lendrem,zlendrem71@blogger.com,Male,70.66.159.159,Coari,69460-000,,Paraguayan
255,Avictor,Alvares,aalvares72@jimdo.com,Male,73.42.183.142,Kalampáka,,,Comanche
256,Morie,Laxson,mlaxson73@fotki.com,Male,100.148.64.251,Carhuamayo,,,Chamorro
257,Tabb,Gauld,tgauld74@telegraph.co.uk,Agender,137.177.54.150,Miguel Hidalgo,39120,Guerrero,Iroquois
258,Ford,Heasman,fheasman75@blogger.com,Male,78.97.249.184,Sucre,,,Houma
259,Charmion,Murrum,cmurrum76@twitpic.com,Female,46.128.244.126,Langkapcaang Hilir,,,Paraguayan
260,Dag,Tomlinson,dtomlinson77@admin.ch,Male,89.141.112.39,Kendayakan,,,Chamorro
261,Claribel,Marshland,cmarshland78@dedecms.com,Female,90.26.226.57,Taiping,,,Polynesian
262,Otto,Quernel,oquernel79@shinystat.com,Male,174.42.228.215,Tsimkavichy,,,Spaniard
263,Sarine,Teague,steague7a@wix.com,Female,250.61.197.189,Campos Belos,73840-000,,Guamanian
264,Nonah,Mainwaring,nmainwaring7b@princeton.edu,Female,113.99.9.127,Santiago de las Vegas,,,Native Hawaiian and Other Pacific Islander (NHPI)
265,Duky,Pattenden,dpattenden7c@mysql.com,Male,29.64.200.74,Xialaba,,,Vietnamese
266,Addy,Chalder,achalder7d@360.cn,Genderfluid,99.9.225.244,Bangangté,,,Guamanian
267,Haily,Matityahu,hmatityahu7e@skyrock.com,Female,142.163.172.240,Töysä,63600,,Creek
268,Sergeant,Gallico,sgallico7f@eventbrite.com,Male,3.237.230.27,Paterson,07505,New Jersey,Tohono O'Odham
269,Solly,Bransgrove,sbransgrove7g@howstuffworks.com,Male,72.241.63.68,Santa Rosa,48966,Jalisco,Malaysian
270,Paulie,Kinze,pkinze7h@surveymonkey.com,Female,103.32.21.34,Walichnowy,85-056,,Tlingit-Haida
271,Far,La Batie,flabatie7i@upenn.edu,Male,164.12.112.188,Pappadátes,,,Melanesian
272,Drusi,Espinas,despinas7j@who.int,Female,0.7.69.109,Arroyo Naranjo,,,Asian Indian
273,Chad,Edgler,cedgler7k@storify.com,Male,155.156.56.143,Uva,427265,,Eskimo
274,Layla,Kingswood,lkingswood7l@jugem.jp,Female,20.170.26.164,Dzhebariki-Khaya,678711,,Tohono O'Odham
275,Sydel,Dagleas,sdagleas7m@hubpages.com,Female,125.232.252.4,Chumpi,,,Paraguayan
276,Casie,Traill,ctraill7n@umn.edu,Female,55.192.94.241,Huage,,,Aleut
277,Kennie,Trevains,ktrevains7o@forbes.com,Male,143.51.192.153,Pendolo,,,Apache
278,Averill,Cornfoot,acornfoot7p@tinyurl.com,Male,247.188.61.234,Waihi,3682,,Aleut
279,Katey,Di Bartolommeo,kdibartolommeo7q@unc.edu,Female,126.208.117.16,Kaeng Khoi,18110,,Menominee
280,Ezequiel,Allone,eallone7r@washingtonpost.com,Male,40.167.219.105,Maymana,,,Malaysian
281,Mitchell,Puve,mpuve7s@pen.io,Male,59.163.251.83,Sugcad,1427,,American Indian and Alaska Native (AIAN)
282,Arch,Lockwood,alockwood7t@feedburner.com,Male,158.189.167.56,Miskolc,3543,Borsod-Abaúj-Zemplén,Puerto Rican
283,Ardelle,Rudgerd,arudgerd7u@qq.com,Female,75.32.153.180,Gyeongsan-si,,,Menominee
284,Ethelin,Botten,ebotten7v@samsung.com,Female,218.182.197.94,Chujiang,,,South American
285,Gabriello,Corben,gcorben7w@netlog.com,Male,103.219.3.116,Sungai Iyu,,,Kiowa
286,Donall,Torres,dtorres7x@altervista.org,Genderfluid,85.238.207.219,Kuliyapitiya,60200,,Nicaraguan
287,Garwin,Bohey,gbohey7y@joomla.org,Male,61.156.4.86,Yeri,,,Guatemalan
288,Mead,Abells,mabells7z@blogtalkradio.com,Male,171.246.101.154,Enniskerry,D18,,American Indian
289,Michal,Cordobes,mcordobes80@mlb.com,Female,219.117.228.25,Yueshan,,,Eskimo
290,Tiena,Belvin,tbelvin81@icq.com,Female,51.26.157.222,Shuanghekou,,,Tohono O'Odham
291,Daryl,Powlett,dpowlett82@state.tx.us,Female,143.158.203.41,Sviadnov,739 25,,Choctaw
292,Jordan,O'Cooney,jocooney83@adobe.com,Male,223.159.140.208,Ritchie,8701,,Dominican (Dominican Republic)
293,Adham,Vonderdell,avonderdell84@state.tx.us,Male,102.237.166.133,Kitwe,,,Lumbee
294,Briana,Goodlud,bgoodlud85@patch.com,Female,217.61.182.177,Elbasan,,,Puerto Rican
295,Heath,Cosford,hcosford86@ask.com,Genderfluid,152.97.38.152,Whitchurch,BS14,England,Hmong
296,Tracey,Dwane,tdwane87@ihg.com,Male,243.65.52.140,Velventós,,,Eskimo
297,Emilia,January 1st,ejanuaryst88@qq.com,Female,15.100.170.44,Domalanoan,2416,,Salvadoran
298,Lari,Shadrack,lshadrack89@columbia.edu,Genderqueer,198.88.11.58,Xiangshan,,,Houma
299,Cinda,Wadworth,cwadworth8a@domainmarket.com,Female,26.5.18.33,Saguiaran,9701,,Thai
300,Jeana,Clamo,jclamo8b@arizona.edu,Bigender,168.107.133.161,Mintang,,,Salvadoran
301,Mace,Fierro,mfierro8c@telegraph.co.uk,Male,250.149.239.1,Ore,,,Japanese
302,Vassily,Giraudo,vgiraudo8d@sciencedirect.com,Male,34.254.222.130,Suwaru,,,Potawatomi
303,Philip,Harlock,pharlock8e@geocities.jp,Male,194.236.158.38,Safotu,,,Paraguayan
304,Winston,Vidineev,wvidineev8f@msn.com,Male,8.63.85.211,Połomia,44-323,,Native Hawaiian and Other Pacific Islander (NHPI)
305,Raymund,Rozanski,rrozanski8g@cam.ac.uk,Male,232.138.211.236,Urungpigang,,,Honduran
306,Christian,Le Fevre,clefevre8h@biblegateway.com,Female,48.245.86.11,Čeladná,739 12,,Creek
307,Rikki,Surgener,rsurgener8i@xinhuanet.com,Male,227.63.166.214,Washington,20508,District of Columbia,Yuman
308,Jewel,Hairon,jhairon8j@ycombinator.com,Female,127.243.78.59,Hexi,,,Chinese
309,Garnet,Alkins,galkins8k@msu.edu,Female,171.66.125.41,Burgeo,N9A,Newfoundland and Labrador,Salvadoran
310,Sella,Aires,saires8l@sciencedirect.com,Female,98.210.114.89,Baishi,,,Apache
311,Beatrisa,Marguerite,bmarguerite8m@psu.edu,Female,184.120.4.75,Shiliting,,,Ute
312,Goldia,McCallum,gmccallum8n@pinterest.com,Female,90.218.179.208,Gandusari,,,Kiowa
313,Erinna,Yakovich,eyakovich8o@flavors.me,Female,184.209.209.187,Almaguer North,3707,,Delaware
314,Marsiella,Godfrey,mgodfrey8p@vinaora.com,Female,199.16.187.251,Semikarakorsk,346630,,Blackfeet
315,Verney,Belk,vbelk8q@ehow.com,Male,75.182.33.29,Shchukino,427531,,Alaska Native
316,Anatollo,Stedell,astedell8r@instagram.com,Male,226.127.225.29,Rey,,,Hmong
317,Florinda,Etherson,fetherson8s@weebly.com,Female,131.146.142.252,Al Majd,,,Chippewa
318,Morris,Cust,mcust8t@hexun.com,Male,99.244.24.217,Hotonj,,,Fijian
319,Konrad,Denning,kdenning8u@cnbc.com,Male,13.154.13.185,Aveleda,4705-029,Braga,Eskimo
320,Alonso,Wandrach,awandrach8v@google.co.uk,Male,88.101.41.198,Paldit,1422,,Guatemalan
321,Catina,Laird-Craig,clairdcraig8w@jiathis.com,Female,220.138.163.78,Lago dos Rodrigues,65712-000,,Central American
322,Queenie,Benduhn,qbenduhn8x@multiply.com,Female,174.114.241.125,Albert Town,,,Taiwanese
323,Alfy,Ettridge,aettridge8y@dropbox.com,Male,130.225.28.6,Dongxin,,,Peruvian
324,Archibaldo,McKniely,amckniely8z@washington.edu,Male,73.201.222.31,Dalianhe,,,Costa Rican
325,Sharl,Trustey,strustey90@taobao.com,Genderfluid,10.221.177.196,Conchopata,,,Lumbee
326,Sharia,Begley,sbegley91@paypal.com,Bigender,235.144.235.231,Shiziling,,,Lumbee
327,Brenn,Sessions,bsessions92@nyu.edu,Female,139.235.233.150,Ungca,5004,,Vietnamese
328,Joellen,Bettesworth,jbettesworth93@narod.ru,Female,79.225.125.238,Limbi,,,Aleut
329,Stephannie,Corro,scorro94@blogs.com,Female,154.17.61.195,Jiling,,,Taiwanese
330,Roarke,Klaggeman,rklaggeman95@dion.ne.jp,Male,230.106.157.13,Fort Smith,72905,Arkansas,Samoan
331,Alon,Greeno,agreeno96@globo.com,Male,166.227.82.100,Kawage,519-0142,,Chamorro
332,Virge,Roylance,vroylance97@wikia.com,Male,96.186.197.213,Campo Alegre,89294-000,,Indonesian
333,Darwin,Rowet,drowet98@columbia.edu,Male,203.63.251.178,Dongzhang,,,Alaska Native
334,Adda,Lowery,alowery99@utexas.edu,Agender,15.120.231.67,Baisha,,,Tlingit-Haida
335,Chris,Bentzen,cbentzen9a@go.com,Male,204.25.164.45,Gjinkar,,,Cambodian
336,Hammad,Darlison,hdarlison9b@bloomberg.com,Male,208.112.206.38,Vagonoremont,452155,,Alaskan Athabascan
337,Cammy,Segrave,csegrave9c@slashdot.org,Polygender,34.17.227.40,Don Mueang,10220,,Cuban
338,Ricardo,Dahlman,rdahlman9d@indiatimes.com,Male,19.95.162.134,Ngora,,,Chippewa
339,Brigid,Todman,btodman9e@loc.gov,Female,42.14.117.45,Kunri,94101,,Panamanian
340,Finley,Coan,fcoan9f@oaic.gov.au,Male,13.131.131.112,Pérama,,,Chippewa
341,Stinky,Presdie,spresdie9g@vimeo.com,Male,109.180.113.228,Shencang,,,Potawatomi
342,Kyla,Davydzenko,kdavydzenko9h@house.gov,Genderqueer,164.33.55.135,Novogornyy,456796,,Houma
343,Patton,Pressdee,ppressdee9i@xing.com,Male,36.121.224.64,Baini,,,Native Hawaiian and Other Pacific Islander (NHPI)
344,Gannon,Klempke,gklempke9j@last.fm,Male,233.41.25.193,Sarandi,99560-000,,Cherokee
345,Say,Bridie,sbridie9k@google.ru,Male,187.240.34.227,Kota Bharu,15517,Kelantan,Cherokee
346,Kelsey,Rushmer,krushmer9l@twitpic.com,Male,195.200.153.158,Huancheng,,,Blackfeet
347,Tobie,Murch,tmurch9m@nba.com,Male,235.133.163.36,São Bento,58865-000,,Crow
348,Conan,Ottey,cottey9n@usnews.com,Male,25.23.222.173,Zarzis,,,Paraguayan
349,Othelia,Maceur,omaceur9o@slideshare.net,Female,0.247.135.99,North Little Rock,72199,Arkansas,Laotian
350,Archer,Barizeret,abarizeret9p@japanpost.jp,Male,249.88.45.88,Santa Rita,,,Seminole
351,Brigg,Inmett,binmett9q@yolasite.com,Male,49.174.71.123,Lindavista,37800,Guanajuato,Dominican (Dominican Republic)
352,Ferdinand,Cockayne,fcockayne9r@tinyurl.com,Male,228.72.57.190,Kryvyy Rih,,,Filipino
353,Maurice,Sturgess,msturgess9s@baidu.com,Male,143.160.109.149,Petřvald,735 41,,Navajo
354,Yovonnda,Skeats,yskeats9t@squidoo.com,Female,30.38.217.69,Zhaoxian,,,Asian Indian
355,Cordula,Catterson,ccatterson9u@ocn.ne.jp,Female,241.97.31.164,Xiaohe,,,Filipino
356,Jaquelin,Bartelet,jbartelet9v@who.int,Genderqueer,86.20.56.54,Kuryłówka,37-303,,Spaniard
357,Emmalee,Dilliway,edilliway9w@oakley.com,Female,75.12.84.178,Cupira,55460-000,,Comanche
358,Lucian,Ogilvy,logilvy9x@twitpic.com,Bigender,141.81.112.239,Caen,14030 CEDEX 4,Basse-Normandie,American Indian and Alaska Native (AIAN)
359,Paige,Womersley,pwomersley9y@bluehost.com,Male,84.140.63.47,Yutan,,,Eskimo
360,Errol,Behnen,ebehnen9z@about.me,Male,40.231.32.252,Kanaya,999-3103,,Indonesian
361,Jasen,Shilton,jshiltona0@sitemeter.com,Male,14.63.6.61,Lautoka,,,Taiwanese
362,Ingram,Grainge,igraingea1@freewebs.com,Male,253.223.154.44,Kovářská,431 86,,Nicaraguan
363,Garreth,Beilby,gbeilbya2@nydailynews.com,Male,12.33.173.14,Los Juríes,3763,,Ecuadorian
364,Cynthia,Blackden,cblackdena3@wix.com,Genderqueer,98.42.43.19,Jarry,97188 CEDEX,Guadeloupe,Yaqui
365,Kaitlin,Speariett,kspearietta4@privacy.gov.au,Female,197.90.6.16,Ncue,,,Tlingit-Haida
366,Brandon,Valsler,bvalslera5@eventbrite.com,Genderfluid,30.225.33.40,Dongjiao,,,Chippewa
367,Cirillo,Tunnick,ctunnicka6@sogou.com,Male,99.82.61.22,Leština,789 71,,Shoshone
368,Lisa,Engley,lengleya7@businessinsider.com,Female,31.185.103.111,Cizhu,,,Native Hawaiian
369,Cahra,Stapylton,cstapyltona8@wikipedia.org,Female,182.122.185.150,Bayan Uula Sumu,,,Cambodian
370,Delly,Pauwel,dpauwela9@trellian.com,Female,36.185.107.198,Oslo,0286,Oslo,Argentinian
371,Mannie,Horsey,mhorseyaa@samsung.com,Male,115.223.129.204,Reims,51054 CEDEX,Champagne-Ardenne,Paraguayan
372,Marina,Hubble,mhubbleab@ezinearticles.com,Female,192.62.199.185,Boden,961 36,Norrbotten,Menominee
373,Richmound,Wellsman,rwellsmanac@vinaora.com,Male,37.44.69.153,Koanara,,,Filipino
374,Luciana,Morefield,lmorefieldad@about.com,Female,182.170.143.195,Sonsorol Village,,,Chippewa
375,Korney,Rouby,kroubyae@army.mil,Female,115.250.130.58,Vitez,,,American Indian and Alaska Native (AIAN)
376,Maren,Conkey,mconkeyaf@google.co.uk,Female,62.151.61.172,Pakis,,,Alaska Native
377,Creigh,Ratnege,cratnegeag@microsoft.com,Male,237.199.6.156,Pakisaji,,,Japanese
378,Caryl,Philcock,cphilcockah@nytimes.com,Male,224.8.207.168,Atães,4800-230,Braga,Navajo
379,Broderick,Cearley,bcearleyai@cafepress.com,Male,178.211.144.204,Itajubá,37500-000,,Indonesian
380,Nadiya,McGorley,nmcgorleyaj@mlb.com,Female,75.246.171.117,Karanggeneng,,,Ottawa
381,Almira,Gullberg,agullbergak@oaic.gov.au,Female,102.228.36.161,Kedunglo,,,Iroquois
382,Erick,Marjoribanks,emarjoribanksal@seattletimes.com,Male,13.253.29.204,Pelem,,,Houma
383,Emile,Bloomfield,ebloomfieldam@live.com,Male,168.122.198.206,Palampal,,,Native Hawaiian and Other Pacific Islander (NHPI)
384,Rickie,Loftie,rloftiean@symantec.com,Male,114.102.149.50,Promyshlennaya,652380,,American Indian and Alaska Native (AIAN)
385,Faith,Schubert,fschubertao@blog.com,Female,146.218.137.192,Dežanovac,43506,,Costa Rican
386,Dalis,Landman,dlandmanap@elegantthemes.com,Male,169.135.245.40,Bayt ‘Anān,,,Latin American Indian
387,Moore,Traves,mtravesaq@devhub.com,Male,103.163.58.151,Darovskoy,612140,,Thai
388,Nessy,Jertz,njertzar@technorati.com,Female,136.106.247.233,Chemal,649240,,Alaskan Athabascan
389,Deina,Syphas,dsyphasas@webeden.co.uk,Female,136.0.147.223,Cibeureum,,,Sioux
390,Hendrik,Ray,hrayat@mail.ru,Polygender,232.231.159.88,Kramators’k,,,Fijian
391,Judy,Ickowicz,jickowiczau@patch.com,Female,56.152.16.184,Yili,,,Latin American Indian
392,Andrew,Dunan,adunanav@wp.com,Male,231.75.19.226,Asunción Mita,22005,,Vietnamese
393,Eliza,Bean,ebeanaw@unblog.fr,Female,248.143.240.222,Iralaya,,,Paiute
394,Blinny,Castiglio,bcastiglioax@amazon.co.jp,Female,168.58.87.250,Gaotan,,,Chickasaw
395,Dale,Champe,dchampeay@soundcloud.com,Female,175.82.99.121,Liurenba,,,Sri Lankan
396,Deva,Rapley,drapleyaz@marriott.com,Female,148.120.255.13,Cordova,6017,,Chickasaw
397,Scarlet,Birchill,sbirchillb0@twitpic.com,Female,144.180.192.124,Pergamos,,,Guamanian
398,Ken,Nieass,knieassb1@webmd.com,Agender,203.129.126.144,Hudong,,,Thai
399,Bobina,Goulborn,bgoulbornb2@live.com,Female,237.122.186.147,Bulqizë,,,Asian
400,Valeda,Clayborn,vclaybornb3@columbia.edu,Female,26.70.159.145,Shouchang,,,Spaniard
401,Lindie,Thickins,lthickinsb4@hibu.com,Non-binary,227.192.248.239,Siewierz,42-470,,Pima
402,Lenee,Kyncl,lkynclb5@webmd.com,Female,11.110.241.113,Salt Lake City,84170,Utah,Pakistani
403,Lauren,Welbelove,lwelbeloveb6@usa.gov,Female,37.90.220.182,Amargosa,45300-000,,Colombian
404,Hubie,Klulisek,hklulisekb7@oaic.gov.au,Male,25.181.138.199,Nakusp,H9A,British Columbia,Creek
405,Pepe,Pesak,ppesakb8@naver.com,Male,170.238.182.24,Lesuhe,,,South American
406,Pollyanna,Palke,ppalkeb9@slideshare.net,Female,146.246.4.30,Vila Viçosa,7160-208,Évora,Melanesian
407,Merwin,Fraschini,mfraschiniba@wikia.com,Male,20.150.29.203,Melaka,75503,Melaka,Iroquois
408,Chrysa,Champagne,cchampagnebb@networksolutions.com,Female,201.254.28.62,Kairouan,,,Shoshone
409,Letty,Lace,llacebc@ebay.co.uk,Bigender,137.71.78.97,Tambangan,,,Melanesian
410,Benoite,Buntine,bbuntinebd@engadget.com,Female,76.29.154.109,Muarabadak,,,Ecuadorian
411,Deeyn,Danneil,ddanneilbe@arstechnica.com,Female,125.204.199.220,Bcharré,,,Native Hawaiian
412,Teresina,Ruit,truitbf@blog.com,Agender,242.91.253.194,Zhushan,,,Pima
413,Nike,Riccione,nriccionebg@bloomberg.com,Genderfluid,172.118.173.255,Morelos,78130,San Luis Potosi,Tlingit-Haida
414,Vicki,Oxbrow,voxbrowbh@simplemachines.org,Female,121.147.154.124,Icononzo,734028,,Cheyenne
415,Emmy,Safell,esafellbi@wikipedia.org,Female,64.13.216.87,Pekijing,,,Chamorro
416,Devinne,De Hailes,ddehailesbj@ezinearticles.com,Genderqueer,65.65.211.105,Momignies,6594,Wallonie,Salvadoran
417,Port,Domican,pdomicanbk@auda.org.au,Male,220.252.108.153,Cavadas,3070-063,Coimbra,Honduran
418,Roseline,O'Sheeryne,rosheerynebl@woothemes.com,Female,121.227.100.153,Bardiyā,,,Samoan
419,Trudi,Sharples,tsharplesbm@taobao.com,Female,229.177.206.93,Venta,85019,,Colville
420,Luis,Lisle,llislebn@nih.gov,Male,203.161.129.246,Mococa,13730-000,,Creek
421,Jocelyn,Leacock,jleacockbo@themeforest.net,Female,159.89.239.132,Savalou,,,Japanese
422,Corrinne,Dobson,cdobsonbp@fema.gov,Genderqueer,55.193.26.42,Mayenne,53104 CEDEX,Pays de la Loire,Seminole
423,Hortensia,Jacklin,hjacklinbq@photobucket.com,Female,247.91.43.188,Lyubar,,,Comanche
424,Yule,Fawdrie,yfawdriebr@de.vu,Male,80.66.222.80,Jianli,,,Peruvian
425,Miguel,Dametti,mdamettibs@wsj.com,Male,144.215.200.248,Bamusso,,,Blackfeet
426,Rochella,McNellis,rmcnellisbt@umn.edu,Female,207.251.128.249,Uherský Ostroh,687 24,,Paraguayan
427,Tucky,Arnould,tarnouldbu@4shared.com,Male,23.41.28.169,Lyon,69339 CEDEX 02,Rhône-Alpes,Micronesian
428,Goldarina,Duggan,gdugganbv@biblegateway.com,Female,155.62.158.251,Morrinhos,75650-000,,Iroquois
429,Della,Instock,dinstockbw@hao123.com,Genderfluid,135.152.192.184,Wako,354-0046,,Native Hawaiian and Other Pacific Islander (NHPI)
430,Bernadette,Wainscoat,bwainscoatbx@weebly.com,Female,28.222.10.254,Tunguang,,,Guamanian
431,Reinwald,Brithman,rbrithmanby@geocities.jp,Male,89.47.229.92,Pierreville,K2C,Québec,Alaska Native
432,Shurlocke,Letixier,sletixierbz@nhs.uk,Male,197.84.120.152,Jataí,75800-000,,Pakistani
433,Ernesto,O'Scannill,eoscannillc0@webeden.co.uk,Male,30.129.18.253,Belyye Berega,241902,,Filipino
434,Barrie,Segges,bseggesc1@4shared.com,Female,41.37.74.204,Temuco,,,Chippewa
435,Jourdan,Tinto,jtintoc2@jigsy.com,Female,118.134.38.219,High Prairie,L8N,Alberta,Chilean
436,Merell,Suatt,msuattc3@xrea.com,Male,71.0.135.186,Woerden,3449,Provincie Utrecht,Apache
437,Livy,Olivas,lolivasc4@ox.ac.uk,Female,231.92.25.190,Gulao,,,Yaqui
438,Moira,Stoite,mstoitec5@xrea.com,Female,249.102.70.112,Kariaí,,,American Indian
439,Barbi,Riedel,briedelc6@hatena.ne.jp,Female,15.226.0.175,Ārt Khwājah,,,Argentinian
440,Dolph,Jarmaine,djarmainec7@springer.com,Male,19.78.6.139,Faqqū‘ah,,,Black or African American
441,Angelita,Bleaden,ableadenc8@loc.gov,Female,236.13.122.30,Amboasary,,,Lumbee
442,Malissia,Swatman,mswatmanc9@shareasale.com,Female,163.83.93.26,Mazha,,,Osage
443,Gerty,Bathow,gbathowca@latimes.com,Female,88.2.149.57,Ust’-Katav,456049,,Cree
444,Moyna,Pimblotte,mpimblottecb@cbslocal.com,Female,24.131.178.217,San Juan,3611,,Peruvian
445,Kata,Bartocci,kbartoccicc@aboutads.info,Female,180.198.135.30,Su-ngai Kolok,96120,,Japanese
446,Berthe,Strutz,bstrutzcd@nps.gov,Female,180.211.98.9,Mollebamba,,,Blackfeet
447,Josephine,Francecione,jfrancecionece@nydailynews.com,Female,222.140.101.195,Dongyuan,,,Navajo
448,Luigi,Fookes,lfookescf@theglobeandmail.com,Male,234.204.240.142,Shardara,,,Aleut
449,Gale,Figgs,gfiggscg@simplemachines.org,Male,15.50.87.191,Cerro Corá,3309,,Tlingit-Haida
450,Enrika,Serrell,eserrellch@hhs.gov,Female,177.225.1.239,El Limón,,,Costa Rican
451,Fabio,Casemore,fcasemoreci@ovh.net,Male,88.65.197.73,Iberia,,,Melanesian
452,Alexandrina,Kitchinham,akitchinhamcj@gnu.org,Genderqueer,9.69.128.100,Huangcun,,,Bolivian
453,Brocky,Guiness,bguinessck@cafepress.com,Male,100.131.16.100,Budapest,1181,Budapest,Black or African American
454,Channa,Partleton,cpartletoncl@blogs.com,Female,195.232.224.231,Providencia,35364,Durango,Choctaw
455,Cornie,Cowpe,ccowpecm@mayoclinic.com,Female,246.124.248.248,Anthoúsa,,,American Indian
456,Marcela,Piggot,mpiggotcn@delicious.com,Female,178.8.121.103,Palpalá,4612,,Kiowa
457,Jillie,Drinkel,jdrinkelco@canalblog.com,Genderfluid,66.176.231.45,Göteborg,400 94,Västra Götaland,Cheyenne
458,Sylvester,Burgise,sburgisecp@europa.eu,Male,149.216.36.137,Riosucio,178057,,Costa Rican
459,Evvie,Knyvett,eknyvettcq@wisc.edu,Female,253.138.123.27,Binubusan,2818,,Paraguayan
460,Katinka,Corris,kcorriscr@toplist.cz,Genderfluid,200.199.173.106,Kekeran,,,Chilean
461,Keen,Letts,klettscs@noaa.gov,Male,10.132.37.118,Podporozh’ye,187789,,Bangladeshi
462,Antonetta,Bellas,abellasct@tamu.edu,Female,189.196.98.111,Naekan,,,Colville
463,Brion,Jahncke,bjahnckecu@slideshare.net,Male,102.24.58.130,Jiabei,,,Apache
464,Joey,Pyne,jpynecv@msu.edu,Male,188.222.98.116,Luján,6700,,Tohono O'Odham
465,Laura,Drioli,ldriolicw@goo.gl,Female,32.139.36.222,Harnoli,42020,,Colombian
466,Evan,Rickerd,erickerdcx@zdnet.com,Male,175.133.62.124,Pingwang,,,Guatemalan
467,Forster,Portchmouth,fportchmouthcy@furl.net,Male,34.146.230.98,Fukuroi,437-0026,,Bolivian
468,Bud,Oxbe,boxbecz@wikimedia.org,Male,156.167.180.247,Beausejour,M1C,Manitoba,Yuman
469,Dorise,Gosswell,dgosswelld0@msu.edu,Female,240.86.147.235,Norberg,738 23,Västmanland,Salvadoran
470,Tamera,Cunnington,tcunningtond1@indiatimes.com,Female,176.112.148.156,Sukamaju,,,Colombian
471,Arney,Wallen,awallend2@gravatar.com,Male,78.251.37.57,Algarvia,9630-224,Ilha de São Miguel,Venezuelan
472,Shellysheldon,Twells,stwellsd3@uol.com.br,Male,162.95.35.24,Ungca,5004,,Tongan
473,Mala,Como,mcomod4@histats.com,Female,19.93.79.59,Thionville,57119 CEDEX,Lorraine,Central American
474,Jennica,Marwood,jmarwoodd5@irs.gov,Female,225.198.89.142,San Julian,6814,,Mexican
475,Drona,Faichney,dfaichneyd6@vk.com,Female,25.0.105.123,Bárrio,4990-692,Viana do Castelo,Native Hawaiian
476,Harwell,Ebbett,hebbettd7@home.pl,Male,199.111.117.105,Sosnowiec,41-221,,Micronesian
477,Mikael,McLice,mmcliced8@tamu.edu,Male,77.36.51.125,Cookshire-Eaton,M4C,Québec,Native Hawaiian and Other Pacific Islander (NHPI)
478,Rowe,Pallister,rpallisterd9@ning.com,Female,214.143.105.222,Soritor,,,South American
479,Ozzy,Childes,ochildesda@un.org,Male,53.32.138.26,Ängelholm,262 34,Skåne,Chilean
480,Creight,Capewell,ccapewelldb@phpbb.com,Male,255.251.97.48,Grytviken,,,Creek
481,Patten,Inseal,pinsealdc@simplemachines.org,Male,23.92.230.186,Duru,,,Shoshone
482,Elia,Willbond,ewillbonddd@businesswire.com,Male,183.181.154.111,Toguchin,633456,,Eskimo
483,Zilvia,Igo,zigode@discovery.com,Non-binary,159.56.127.60,Caçador,89500-000,,Cherokee
484,Eddie,Peniman,epenimandf@wufoo.com,Male,11.230.24.97,Zmiennica,36-212,,Panamanian
485,Ludovika,Tomlin,ltomlindg@altervista.org,Female,70.251.114.227,Xikou,,,Samoan
486,Terrel,Branche,tbranchedh@comsenz.com,Male,36.104.81.110,Tekeli,,,White
487,Thaddeus,Ivanchikov,tivanchikovdi@latimes.com,Male,194.112.244.170,Kutapanjang,,,Cambodian
488,Erhart,Gook,egookdj@oakley.com,Male,223.208.171.94,Boca do Acre,69850-000,,Nicaraguan
489,Alvy,Boissier,aboissierdk@joomla.org,Male,64.188.133.22,Sancha,,,Hmong
490,Wendy,Norcock,wnorcockdl@elegantthemes.com,Female,49.241.145.18,Göteborg,414 66,Västra Götaland,Puget Sound Salish
491,Sammy,Gossage,sgossagedm@technorati.com,Non-binary,60.16.232.168,Aguadas,172029,,Chilean
492,Fallon,Persey,fperseydn@discuz.net,Female,163.108.254.135,Chalon-sur-Saône,71109 CEDEX,Bourgogne,Melanesian
493,Briny,Dranfield,bdranfielddo@bravesites.com,Female,198.122.196.206,Krasnyy Gulyay,433396,,Asian Indian
494,Ilaire,Chatel,ichateldp@mozilla.com,Male,214.18.100.128,Perpignan,66921 CEDEX,Languedoc-Roussillon,Lumbee
495,Serge,Gidney,sgidneydq@auda.org.au,Male,156.237.51.133,Batou,,,Asian
496,Gus,Brelsford,gbrelsforddr@toplist.cz,Female,102.231.182.179,Dajanrurung,,,Shoshone
497,Geraldine,Gillice,ggilliceds@ustream.tv,Female,71.119.165.29,Longzui,,,Salvadoran
498,Livvie,Perham,lperhamdt@webnode.com,Female,157.243.124.212,Kubachi,368586,,Lumbee
499,Ruttger,Honeyghan,rhoneyghandu@fda.gov,Male,192.176.23.49,San Marcos,704038,,Creek
500,Gennifer,Clery,gclerydv@a8.net,Female,235.176.42.237,Ruma,,,Laotian
501,Ximenez,Klaffs,xklaffsdw@cbc.ca,Male,7.194.245.89,Songkar B,,,Creek
502,Brantley,McQuilty,bmcquiltydx@newyorker.com,Male,11.172.149.224,Guantang,,,Puget Sound Salish
503,Clim,Formby,cformbydy@fastcompany.com,Male,110.248.166.110,Alexandria,22309,Virginia,Chinese
504,Cammi,Marchetti,cmarchettidz@reverbnation.com,Non-binary,195.253.215.78,Sohbatpur,80501,,Chamorro
505,Brigitta,Dionsetto,bdionsettoe0@cnet.com,Bigender,47.17.182.117,Ust’-Uda,666395,,Tlingit-Haida
506,Casandra,MacTerrelly,cmacterrellye1@infoseek.co.jp,Female,190.116.183.24,Pacajus,62870-000,,Latin American Indian
507,Keenan,Chawner,kchawnere2@a8.net,Male,8.32.30.133,Mpophomeni,7780,,Ottawa
508,Pedro,Russel,prussele3@youtu.be,Male,193.120.89.61,La Falda,4640,,Sri Lankan
509,Remington,Titterell,rtitterelle4@answers.com,Genderfluid,83.191.84.79,Zavoronezhskoye,393025,,Paraguayan
510,Konstantine,Jewks,kjewkse5@arstechnica.com,Male,248.212.179.165,Xinji,,,Guamanian
511,Hymie,Fairbeard,hfairbearde6@mtv.com,Male,24.182.190.67,Osby,283 45,Skåne,Cherokee
512,Fabian,Orteu,forteue7@list-manage.com,Male,7.170.102.3,San Isidro,41004,Guerrero,Cherokee
513,Myrlene,Dadge,mdadgee8@mit.edu,Female,208.64.230.168,Rokycany,337 01,,Puerto Rican
514,Gregg,Grumble,ggrumblee9@oaic.gov.au,Male,132.133.12.29,Gò Dầu,,,Indonesian
515,Darby,Grinston,dgrinstonea@macromedia.com,Female,101.81.251.241,Miyata,981-4305,,Fijian
516,Madison,Varnam,mvarnameb@wsj.com,Male,216.43.72.198,Islamey,361538,,Yaqui
517,Heda,Fanning,hfanningec@tamu.edu,Female,24.47.54.102,Touho,98831,,Guamanian
518,Antoine,Mulvany,amulvanyed@reuters.com,Male,85.77.209.138,Maharagama,10280,,Alaska Native
519,Haskell,Dutnell,hdutnellee@google.nl,Male,223.223.144.113,Margamukti,,,Cherokee
520,Danyelle,Arlow,darlowef@linkedin.com,Female,228.19.217.252,Touba,,,Apache
521,Oswald,Mabey,omabeyeg@ovh.net,Male,149.242.54.180,Łęki Szlacheckie,97-352,,Cheyenne
522,Kirby,Lodford,klodfordeh@list-manage.com,Polygender,190.39.196.78,Yueyahe,,,Menominee
523,Bambi,Gregson,bgregsonei@yale.edu,Female,213.104.213.112,Morales,134548,,Chilean
524,Kylila,Batstone,kbatstoneej@nsw.gov.au,Female,170.72.177.120,Nāḩiyat as Sab‘ Biyār,,,Yaqui
525,Fowler,Tirte,ftirteek@hao123.com,Male,133.53.200.222,Tais,,,Taiwanese
526,Vernon,Redholes,vredholesel@ustream.tv,Male,26.232.110.199,Hamberang Sabrang,,,Thai
527,Clea,Charlesworth,ccharlesworthem@netvibes.com,Female,122.171.169.191,Tumcon Ilawod,1045,,American Indian
528,Davey,Pennings,dpenningsen@cafepress.com,Male,210.23.232.234,Padangpanjang,,,Asian
529,Caroljean,Dradey,cdradeyeo@unblog.fr,Female,8.102.188.252,Temorlorong,,,White
530,Malcolm,O' Liddy,moliddyep@irs.gov,Male,68.175.125.41,Ladysmith,V9G,British Columbia,Venezuelan
531,Madonna,Knoller,mknollereq@msn.com,Female,30.92.249.95,Enjitsu,,,Argentinian
532,Hanson,Swindlehurst,hswindlehurster@jimdo.com,Male,113.102.12.129,Bharatpur,,,Pima
533,Gwyn,Boone,gboonees@businesswire.com,Female,220.168.243.173,Tengah,,,Peruvian
534,Jillayne,Ledeker,jledekeret@elegantthemes.com,Female,244.224.108.210,Prusice,55-110,,Taiwanese
535,Cordell,Rodliff,crodliffeu@cafepress.com,Male,54.30.124.193,Grand Bois,,,Chamorro
536,Sandra,Dillicate,sdillicateev@admin.ch,Female,57.126.31.64,Dama,,,Alaskan Athabascan
537,Willa,Jannasch,wjannaschew@shop-pro.jp,Female,21.150.192.35,Saint-Tite,G8B,Québec,Puerto Rican
538,Kelby,Barrus,kbarrusex@wsj.com,Male,194.153.147.220,Campo Quijano,4407,,Nicaraguan
539,Sorcha,Peeter,speeterey@quantcast.com,Female,138.74.133.182,Oslo,0376,Oslo,Potawatomi
540,Matthias,Devonport,mdevonportez@blinklist.com,Male,242.10.52.146,Jenesano,153608,,Colombian
541,Ange,Furber,afurberf0@sogou.com,Male,126.15.157.148,Shypyntsi,,,Kiowa
542,Sherman,Durrington,sdurringtonf1@ifeng.com,Male,244.84.22.225,Bambari,,,American Indian and Alaska Native (AIAN)
543,Hope,Hagyard,hhagyardf2@angelfire.com,Female,220.252.15.10,Colonia Aurora,3363,,Cambodian
544,Skipp,Mollin,smollinf3@acquirethisname.com,Male,145.224.145.190,Loreto,8507,,Bolivian
545,Carrissa,Whetland,cwhetlandf4@icio.us,Female,235.209.118.65,Vredendal,8207,,Micronesian
546,Meaghan,Lapidus,mlapidusf5@eepurl.com,Female,250.156.121.229,Nasavrky,565 01,,Indonesian
547,Meryl,Rucklesse,mrucklessef6@craigslist.org,Male,136.53.114.156,Trubchevsk,242251,,Malaysian
548,Goraud,Kenewell,gkenewellf7@wikipedia.org,Male,54.179.12.179,Mbumi,,,Asian
549,Olivier,Bradock,obradockf8@blogspot.com,Male,227.216.98.90,Bukovany,772 00,,American Indian
550,Noelyn,Curley,ncurleyf9@pinterest.com,Female,88.31.229.74,Saint Petersburg,33715,Florida,Aleut
551,Errol,Cozby,ecozbyfa@hubpages.com,Male,177.102.66.176,Las Cruces,88006,New Mexico,Crow
552,Ofella,Durdle,odurdlefb@cdc.gov,Female,54.78.35.92,Luoqi,,,Alaskan Athabascan
553,Ivie,Walkington,iwalkingtonfc@rediff.com,Female,172.211.9.140,Topol’noye,627750,,Dominican (Dominican Republic)
554,Tobie,Houseman,thousemanfd@dailymotion.com,Male,13.177.242.87,Brovary,,,Guamanian
555,Perren,Aked,pakedfe@diigo.com,Male,63.117.208.227,Kinéta,,,Samoan
556,Angelika,McAllen,amcallenff@slideshare.net,Female,228.53.225.217,Guixi,,,Sioux
557,Liana,Wick,lwickfg@jimdo.com,Female,115.38.125.140,Uzgen,,,Sri Lankan
558,Olivero,Jorissen,ojorissenfh@ucsd.edu,Male,110.50.47.196,Dongning,,,Indonesian
559,Zonnya,Sibthorpe,zsibthorpefi@addtoany.com,Female,107.244.92.196,Lete,,,Samoan
560,Megen,O'Cullen,mocullenfj@about.com,Female,78.253.66.71,Lavras,37200-000,,Paiute
561,Rosalinda,Milroy,rmilroyfk@wsj.com,Female,235.34.37.85,Rodnikovskaya,357565,,Taiwanese
562,Elyse,Heinritz,eheinritzfl@digg.com,Female,70.126.251.119,Tsotsin-Yurt,368033,,Polynesian
563,Ingra,Conws,iconwsfm@mediafire.com,Male,160.98.162.143,Xuancheng,,,American Indian
564,Tamqrah,Elbourn,telbournfn@yellowpages.com,Female,147.31.128.103,Telsen,9121,,Argentinian
565,Pippa,Barg,pbargfo@example.com,Female,126.171.188.114,Sofádes,,,Filipino
566,Shayna,Haine,shainefp@who.int,Polygender,81.127.236.53,Hantang,,,Cheyenne
567,Lindsey,Redholes,lredholesfq@dot.gov,Male,3.20.212.74,‘Amd,,,Nicaraguan
568,Winona,Deamer,wdeamerfr@hc360.com,Female,102.10.35.161,Urho,,,Peruvian
569,Leon,Coysh,lcoyshfs@nhs.uk,Male,86.67.131.97,Luna,3813,,Shoshone
570,Fern,Ellin,fellinft@newyorker.com,Female,118.239.139.196,Laguna de Perlas,,,Pakistani
571,Alfons,Timny,atimnyfu@desdev.cn,Male,62.127.99.194,Hong’an Chengguanzhen,,,Central American
572,Artie,Ray,arayfv@feedburner.com,Male,80.79.178.120,Meikeng,,,Honduran
573,Goldy,Cowndley,gcowndleyfw@bandcamp.com,Female,152.162.92.15,Lidingö,181 36,Stockholm,Yakama
574,Bendix,MacGown,bmacgownfx@fda.gov,Male,93.88.146.241,Sumberpinang Satu,,,Peruvian
575,Bartholomeus,Tustin,btustinfy@163.com,Male,123.114.46.19,São Martinho,4780-320,Porto,Micronesian
576,Cletus,Bollins,cbollinsfz@patch.com,Male,201.122.63.165,Tío Pujio,5936,,Guamanian
577,Farrah,Poolman,fpoolmang0@photobucket.com,Female,161.186.240.129,Gakovo,,,Sri Lankan
578,Viviene,MacConnal,vmacconnalg1@salon.com,Female,166.67.228.163,Kasreman Wetan,,,Native Hawaiian
579,Heywood,Burnett,hburnettg2@washingtonpost.com,Male,160.162.160.146,Shima,,,Tohono O'Odham
580,Gabie,Sutterby,gsutterbyg3@imageshack.us,Female,22.134.66.112,Rathwire,Y25,,Ecuadorian
581,Christos,Eagell,ceagellg4@people.com.cn,Male,88.123.155.212,Wangjiaping,,,Argentinian
582,Alf,Sterrick,asterrickg5@gmpg.org,Male,136.200.90.197,Garunggang,,,Navajo
583,Alvan,Winterborne,awinterborneg6@wufoo.com,Male,47.207.53.156,Marseille,13298 CEDEX 20,Provence-Alpes-Côte d'Azur,Pima
584,Ebenezer,Rustidge,erustidgeg7@nationalgeographic.com,Male,174.152.240.154,Ginowan,901-2211,,Paraguayan
585,Shelby,Jendrassik,sjendrassikg8@yelp.com,Female,211.53.6.85,Trenton,08650,New Jersey,Salvadoran
586,Bran,Leader,bleaderg9@github.com,Male,49.222.29.224,Biñan,4116,,Native Hawaiian
587,Ashleigh,O' Reagan,aoreaganga@reuters.com,Polygender,21.124.173.170,Guayabal,732068,,Panamanian
588,Cob,Finnemore,cfinnemoregb@state.gov,Male,111.240.20.70,Igir-igir,,,Eskimo
589,Herrick,Bugden,hbugdengc@nymag.com,Male,248.237.76.1,Lianozovo,443099,,Laotian
590,Ephrayim,Monier,emoniergd@ocn.ne.jp,Male,99.164.132.56,Chlewiska,26-510,,Menominee
591,Errick,MacCartair,emaccartairge@dagondesign.com,Male,19.7.148.33,Tawau,91030,Sabah,Korean
592,Kania,Pawson,kpawsongf@amazon.co.jp,Female,99.199.140.194,Xijiang,,,Sioux
593,Dewie,Cullerne,dcullernegg@t-online.de,Male,28.113.167.79,Horní Štěpánov,798 47,,Filipino
594,Zebulon,Meneghi,zmeneghigh@nymag.com,Male,203.40.104.75,Depapre,,,Ottawa
595,Mella,Golledge,mgolledgegi@flavors.me,Female,151.248.210.4,Modosinal,,,Filipino
596,Milicent,Brace,mbracegj@dell.com,Female,173.164.10.66,Fushan,,,Samoan
597,Caroljean,Larive,clarivegk@arstechnica.com,Bigender,241.224.121.233,Xinjiezhen,,,South American
598,Gal,Worsnop,gworsnopgl@github.io,Male,212.177.22.209,Nueva Gorgona,,,Thai
599,Shaine,Horbart,shorbartgm@deviantart.com,Male,232.143.211.191,Mońki,19-101,,Panamanian
600,Veronika,Dower,vdowergn@jiathis.com,Female,143.12.202.242,Lincoln,6070,,Potawatomi
601,Harrietta,Shotter,hshottergo@bing.com,Female,236.163.253.184,Barra do Piraí,27000-000,,Alaska Native
602,Xymenes,Skains,xskainsgp@loc.gov,Male,0.103.103.195,Xinyu,,,Peruvian
603,Ulrica,Cunnow,ucunnowgq@goo.ne.jp,Female,144.147.80.188,Sunjia Buzi,,,Central American
604,Velvet,Christou,vchristougr@squidoo.com,Female,141.255.119.209,Waitara,4346,,Micronesian
605,Hammad,Danielis,hdanielisgs@jugem.jp,Male,54.254.21.146,Horrom,,,Sioux
606,Dory,Threadgould,dthreadgouldgt@merriam-webster.com,Female,107.106.248.255,Niquelândia,76420-000,,Pima
607,Arne,Wynrahame,awynrahamegu@sciencedirect.com,Male,178.138.155.71,Dassun,3503,,Shoshone
608,Vanessa,Clashe,vclashegv@github.com,Female,185.22.169.38,Volary,384 51,,Native Hawaiian and Other Pacific Islander (NHPI)
609,Julius,Hornung,jhornunggw@about.me,Genderfluid,143.214.179.248,Dugu,,,Lumbee
610,Bobbie,Lawie,blawiegx@cafepress.com,Female,162.157.0.137,Kastélli,,,Pakistani
611,Cindie,Chittim,cchittimgy@hud.gov,Female,153.64.6.37,Kobelyaky,,,Salvadoran
612,Vaughn,Curtayne,vcurtaynegz@istockphoto.com,Male,135.230.9.193,Dahe,,,Yaqui
613,Nanny,Tuckerman,ntuckermanh0@bloomberg.com,Female,82.64.34.225,Palermo,412008,,American Indian and Alaska Native (AIAN)
614,Justin,Pennings,jpenningsh1@mapy.cz,Male,43.204.248.118,Birsa,,,Native Hawaiian and Other Pacific Islander (NHPI)
615,Findlay,Barkes,fbarkesh2@pen.io,Genderqueer,100.77.63.4,Río Tercero,5850,,Indonesian
616,Sarene,Cayzer,scayzerh3@surveymonkey.com,Genderqueer,171.176.50.65,Tuzhai,,,Micronesian
617,Lisabeth,Ryves,lryvesh4@arstechnica.com,Female,45.93.23.160,Dolgoderevenskoye,456510,,Sioux
618,Waite,Larvor,wlarvorh5@123-reg.co.uk,Male,80.32.198.212,Lajkovac,,,Laotian
619,Logan,Rey,lreyh6@wikia.com,Polygender,191.164.189.85,Gračec,10370,,Chippewa
620,Caryl,Balentyne,cbalentyneh7@apple.com,Female,12.170.98.67,Outeiro,2500-370,Leiria,Osage
621,Merry,Parres,mparresh8@newyorker.com,Male,196.150.25.108,Xinyan,,,Guatemalan
622,Barb,Maskelyne,bmaskelyneh9@purevolume.com,Female,10.115.3.89,Mbaïki,,,Shoshone
623,Dorothy,Royste,droysteha@hhs.gov,Female,16.60.180.173,Shitan,,,Alaskan Athabascan
624,Channa,Virgin,cvirginhb@twitpic.com,Female,83.191.222.224,Kadubamban,,,Cherokee
625,Siegfried,Chilver,schilverhc@indiegogo.com,Male,42.231.66.122,Dālbandīn,95100,,Pueblo
626,Rick,Moncur,rmoncurhd@globo.com,Male,87.23.120.231,Myaydo,,,Tlingit-Haida
627,Amandi,Jensen,ajensenhe@ted.com,Female,98.142.239.180,Guinticgan,5019,,Korean
628,Reiko,Danels,rdanelshf@smugmug.com,Genderfluid,173.80.3.72,Kota Bharu,15604,Kelantan,Asian
629,Craggie,Drysdale,cdrysdalehg@1688.com,Male,182.139.125.152,Sukorejo,,,Hmong
630,Malena,Monks,mmonkshh@free.fr,Female,84.7.28.164,Panite,,,Osage
631,Dorothee,Wildes,dwildeshi@chicagotribune.com,Female,133.16.150.99,Khlong Hat,27260,,Chippewa
632,Brenda,Fillgate,bfillgatehj@europa.eu,Female,217.3.146.114,Sibinal,12008,,Latin American Indian
633,Janet,Faux,jfauxhk@nature.com,Female,205.148.61.75,Sigli,,,Pueblo
634,Allister,Scally,ascallyhl@google.co.jp,Male,59.204.1.45,Ręczno,97-510,,Tohono O'Odham
635,Meade,Assender,massenderhm@netscape.com,Non-binary,187.160.25.84,Santo André,2830-152,Setúbal,Kiowa
636,Roobbie,Gavriel,rgavrielhn@g.co,Female,227.148.23.87,Oleksandrivka,,,Salvadoran
637,Romeo,Mundee,rmundeeho@smugmug.com,Male,233.84.116.16,Qingkou,,,Cambodian
638,Avril,Ledwith,aledwithhp@youtu.be,Female,183.41.19.145,Zhouxi,,,Chilean
639,Madelena,Youtead,myouteadhq@statcounter.com,Female,189.81.89.167,Baojia,,,Tlingit-Haida
640,Dell,Beringer,dberingerhr@marketwatch.com,Female,170.8.123.189,Poroçan,,,Pakistani
641,Jenna,Linzee,jlinzeehs@google.es,Female,108.37.85.196,Spirit River,V2G,Alberta,Aleut
642,Gilda,Bentz,gbentzht@storify.com,Female,244.99.89.239,Papër,,,Japanese
643,Beckie,Semper,bsemperhu@npr.org,Female,53.11.1.157,Tarangnan,6704,,Chippewa
644,Ara,Salerg,asalerghv@sakura.ne.jp,Male,212.155.169.191,Goshogawara,861-0312,,Puerto Rican
645,Quintana,Reggler,qregglerhw@jugem.jp,Female,155.140.244.74,Belo Oriente,35195-000,,Nicaraguan
646,Noemi,Abrahams,nabrahamshx@elpais.com,Female,108.214.177.191,Danyang,,,Vietnamese
647,Elsy,Di Claudio,ediclaudiohy@accuweather.com,Female,73.168.203.56,Shawnee Mission,66286,Kansas,Nicaraguan
648,Ax,Stonebanks,astonebankshz@weibo.com,Male,142.239.244.130,New Orleans,70183,Louisiana,Puget Sound Salish
649,Judah,Pregel,jpregeli0@desdev.cn,Male,181.243.203.233,Břasy,338 24,,Yuman
650,Manuel,Lampens,mlampensi1@bloglines.com,Male,33.170.71.87,Al Qadarif,,,Latin American Indian
651,Del,O'Crowley,docrowleyi2@tumblr.com,Female,214.163.111.190,Xiaotao,,,Paiute
652,Fletcher,Santorini,fsantorinii3@digg.com,Male,106.106.181.168,Qabaqçöl,,,Latin American Indian
653,Kelvin,Venes,kvenesi4@mozilla.com,Male,34.104.251.8,Lanling,,,Yuman
654,Paulita,Scarse,pscarsei5@umn.edu,Polygender,68.81.9.75,Bungoma,,,Central American
655,Nora,Pretsell,npretselli6@ucsd.edu,Female,147.132.161.224,Niedercorn,L-4993,,Alaskan Athabascan
656,Deva,Raffan,draffani7@godaddy.com,Female,146.231.173.60,Ruangwa,,,Delaware
657,Audie,Meecher,ameecheri8@bloglines.com,Female,5.123.70.173,Caidian,,,Dominican (Dominican Republic)
658,Rivi,Spykins,rspykinsi9@china.com.cn,Female,201.188.11.66,Chalon-sur-Saône,71332 CEDEX,Bourgogne,Guatemalan
659,Obediah,Tyers,otyersia@yahoo.co.jp,Male,134.103.27.140,Paitan Norte,3117,,Guamanian
660,Darlene,Cracie,dcracieib@illinois.edu,Female,117.251.106.200,Pingdu,,,Alaskan Athabascan
661,Porty,Doohan,pdoohanic@soup.io,Male,33.78.124.93,Xianglan,,,Taiwanese
662,Lian,Mattiazzi,lmattiazziid@redcross.org,Female,141.53.198.109,Maintang,,,American Indian and Alaska Native (AIAN)
663,Rina,Penella,rpenellaie@friendfeed.com,Female,50.76.94.198,Pingshi,,,Fijian
664,Aigneis,Quernel,aquernelif@bbc.co.uk,Female,153.46.56.122,Vogar,190,,Pueblo
665,Tate,Raimbauld,traimbauldig@usa.gov,Non-binary,61.49.3.143,Fumin,,,Menominee
666,Amble,Sommerlin,asommerlinih@nasa.gov,Male,188.111.59.220,Dos Quebradas,661008,,Delaware
667,Lefty,Cameron,lcameronii@clickbank.net,Male,18.101.247.155,Bilar,6317,,Colombian
668,Winnie,Rockliffe,wrockliffeij@github.io,Male,84.171.109.223,Tønsberg,3119,Vestfold,Fijian
669,Trumann,Duran,tduranik@last.fm,Male,181.70.109.92,Kushnytsya,,,Guatemalan
670,Kala,Aldham,kaldhamil@pagesperso-orange.fr,Female,40.27.123.232,Volovo,601462,,Mexican
671,Oren,Boullin,oboullinim@dropbox.com,Male,249.144.152.192,Sol’-Iletsk,461509,,Eskimo
672,Lancelot,Asel,laselin@wunderground.com,Male,70.66.33.235,Mauren,9488,,Pueblo
673,Boote,Antoshin,bantoshinio@eepurl.com,Male,122.206.148.249,Lysyanka,,,Micronesian
674,Bengt,Caw,bcawip@npr.org,Male,36.239.118.107,Kibuku,,,Yakama
675,Kelvin,Greaterex,kgreaterexiq@webnode.com,Male,12.57.103.82,Shuanghe,,,Chinese
676,Leslie,Hawksworth,lhawksworthir@bloomberg.com,Male,23.164.195.188,Farsta,123 71,Stockholm,Malaysian
677,Umberto,Beaglehole,ubeagleholeis@rambler.ru,Male,103.201.206.51,Yonghe,,,Colville
678,Branden,Reddoch,breddochit@unc.edu,Male,221.82.112.144,Cotonou,,,Cheyenne
679,Thomasa,Tribell,ttribelliu@oakley.com,Female,208.69.26.128,Rengo,,,Menominee
680,Aggie,Pinyon,apinyoniv@yahoo.co.jp,Female,209.29.119.24,Batawa,,,Cuban
681,Bibby,Kingdom,bkingdomiw@joomla.org,Female,249.34.163.228,Horní Počaply,277 03,,Black or African American
682,Berget,Ferrini,bferriniix@theatlantic.com,Agender,69.81.212.34,Pinhão,49517-000,,Ute
683,Caressa,Bruyet,cbruyetiy@sitemeter.com,Female,109.11.60.82,El Rosario,47849,Jalisco,Menominee
684,Doria,Warbys,dwarbysiz@cam.ac.uk,Female,127.176.56.11,Yujia,,,American Indian and Alaska Native (AIAN)
685,Cari,Ecclestone,cecclestonej0@nyu.edu,Female,200.121.214.99,Linjiang,,,Guamanian
686,Bryce,Redhole,bredholej1@xrea.com,Male,241.172.253.124,Juazeiro do Norte,63000-000,,American Indian and Alaska Native (AIAN)
687,Harriet,Wignall,hwignallj2@posterous.com,Female,111.6.75.244,Gaohong,,,Tongan
688,Doloritas,Miklem,dmiklemj3@a8.net,Female,241.118.185.46,Hobonio,,,Tlingit-Haida
689,Thornton,Twydell,ttwydellj4@naver.com,Male,86.182.207.24,Mankono,,,Nicaraguan
690,Minni,Pimblotte,mpimblottej5@sitemeter.com,Female,105.195.236.179,Gala,3090-710,Coimbra,Asian
691,Berkie,Bulluck,bbulluckj6@marriott.com,Male,73.250.73.146,Anshan,,,Alaskan Athabascan
692,Selig,Grice,sgricej7@webs.com,Male,18.162.96.191,Hongde,,,Yaqui
693,Rockwell,Adnams,radnamsj8@example.com,Male,18.183.221.221,Welisara,11830,,Pakistani
694,Donnajean,Eliyahu,deliyahuj9@weibo.com,Female,119.190.117.216,Oefatu,,,Tongan
695,Massimo,Gilardengo,mgilardengoja@illinois.edu,Male,85.235.41.243,Tanjung,,,Bolivian
696,Lira,Posvner,lposvnerjb@goo.ne.jp,Female,115.75.162.38,Budapest,1074,Budapest,Spaniard
697,Alonzo,Itzkin,aitzkinjc@reference.com,Male,9.146.117.32,Orléans,45016 CEDEX 1,Centre,Panamanian
698,Ladonna,Thornborrow,lthornborrowjd@nature.com,Female,60.255.237.245,Yauca,,,Pakistani
699,Ricca,Maskelyne,rmaskelyneje@netlog.com,Female,113.76.98.41,Moca,11803,,Paraguayan
700,Homere,Frederick,hfrederickjf@ucoz.com,Male,154.248.77.109,Samdrup Jongkhar,,,Yaqui
701,Doll,Martel,dmarteljg@dailymotion.com,Female,217.43.207.67,Vavozh,427314,,Lumbee
702,Carey,Gagan,cgaganjh@xrea.com,Genderfluid,57.66.242.244,Wedoro,,,Peruvian
703,Kimbell,Heinsen,kheinsenji@ihg.com,Male,69.224.210.176,Paraiso,1104,,Fijian
704,Sancho,Auld,sauldjj@pen.io,Genderqueer,35.85.117.201,Bruzual,,,Native Hawaiian
705,Thatcher,Hurring,thurringjk@earthlink.net,Male,125.172.122.93,Gangmei,,,Latin American Indian
706,Billye,Manes,bmanesjl@rediff.com,Female,249.75.215.65,Priargunsk,674310,,Fijian
707,Dave,Kimmings,dkimmingsjm@squarespace.com,Male,139.87.192.129,Manikchari,7460,,Bolivian
708,Fifi,Phifer,fphiferjn@dedecms.com,Female,87.34.216.1,Sujitan,,,Black or African American
709,Willow,Reisenberg,wreisenbergjo@pcworld.com,Female,245.74.127.70,Shangdu,,,Aleut
710,Cornelia,Blatchford,cblatchfordjp@wsj.com,Female,84.67.220.118,Curug,,,Filipino
711,Lesly,Yewdell,lyewdelljq@amazon.de,Genderfluid,101.43.217.114,Takefu,919-0201,,Chinese
712,Rosalia,Ballister,rballisterjr@ameblo.jp,Female,13.136.76.166,Itaquaquecetuba,08570-000,,Navajo
713,Valentina,Elloy,velloyjs@vistaprint.com,Female,205.6.102.168,Fengshou,,,Tohono O'Odham
714,Judye,Theaker,jtheakerjt@nytimes.com,Non-binary,171.55.72.42,Vegachí,052837,,Ottawa
715,Chelsae,Danzig,cdanzigju@quantcast.com,Female,140.247.206.79,Dapeng,,,Cheyenne
716,Vince,Luckham,vluckhamjv@ustream.tv,Male,161.112.104.190,Smedjebacken,777 82,Dalarna,Pakistani
717,Jazmin,Whilde,jwhildejw@cnbc.com,Female,255.56.84.137,Szynwałd,33-158,,Yuman
718,Madalyn,Faughny,mfaughnyjx@joomla.org,Female,240.69.31.41,Pirapozinho,19200-000,,Indonesian
719,Marven,Behn,mbehnjy@parallels.com,Non-binary,154.75.110.56,Montpellier,34058 CEDEX 1,Languedoc-Roussillon,Houma
720,Horatius,Le Fevre,hlefevrejz@google.com.hk,Male,76.25.136.143,Leifeng,,,Nicaraguan
721,Janeczka,Watmough,jwatmoughk0@ft.com,Female,157.16.126.173,Liushi,,,Mexican
722,Denney,Stokoe,dstokoek1@ft.com,Male,221.167.78.63,Banbalah,,,Yaqui
723,Marv,Slateford,mslatefordk2@ucoz.ru,Male,237.227.81.82,Ciervo Petiso,3515,,Cherokee
724,Carolann,Sommerled,csommerledk3@economist.com,Female,187.189.62.77,Vyksa,607069,,Peruvian
725,Olenka,Lott,olottk4@bluehost.com,Female,131.240.229.20,Ancahuasi,,,Paiute
726,Rutledge,Harvey,rharveyk5@woothemes.com,Male,107.37.243.251,Bornu Yassu,,,Shoshone
727,Lindi,Pargent,lpargentk6@ted.com,Female,182.124.113.100,Canala,98813,,Chilean
728,Martino,Speddin,mspeddink7@reddit.com,Male,192.168.105.204,Mancogeh,,,Delaware
729,Davey,Sowrah,dsowrahk8@free.fr,Male,93.75.126.3,Beigang,,,Asian Indian
730,Randa,Tressler,rtresslerk9@umn.edu,Female,212.20.25.67,Thị Trấn Bắc Yên,,,Filipino
731,Kippar,Pedycan,kpedycanka@army.mil,Male,219.207.230.167,Fuyo,,,Dominican (Dominican Republic)
732,Penny,Wind,pwindkb@google.es,Female,148.238.77.234,San Patricio,,,Taiwanese
733,Ardyth,Adne,aadnekc@nba.com,Female,91.192.179.109,Castro,84160-000,,Latin American Indian
734,Arnaldo,Bridywater,abridywaterkd@forbes.com,Male,240.195.171.181,Changshan,,,American Indian
735,Gordie,Rooke,grookeke@blogtalkradio.com,Male,15.119.159.38,Teculután,19005,,Korean
736,Gabbi,Abbey,gabbeykf@cbsnews.com,Female,3.81.255.221,Älvdalen,796 25,Dalarna,Cheyenne
737,Venus,Pairpoint,vpairpointkg@smh.com.au,Non-binary,80.103.65.101,Yuta,,,Spaniard
738,Sig,Clarage,sclaragekh@digg.com,Male,113.32.159.114,Qinghua,,,White
739,Chloris,Sisley,csisleyki@scientificamerican.com,Female,16.68.102.40,Port Antonio,,,Seminole
740,Welch,Berthel,wberthelkj@t-online.de,Male,30.232.19.76,Smyga,,,Laotian
741,Elayne,Beretta,eberettakk@who.int,Female,10.27.217.140,Atami,413-0033,,Tohono O'Odham
742,Amalee,Werny,awernykl@cornell.edu,Female,62.216.107.134,Maao,6124,,Honduran
743,Ceciley,Mangion,cmangionkm@wp.com,Female,71.128.58.131,Karangpawitan,,,Ecuadorian
744,Serge,Boydell,sboydellkn@artisteer.com,Male,85.42.74.61,Freixo de Numão,5155-205,Guarda,Black or African American
745,Stoddard,Kikke,skikkeko@cocolog-nifty.com,Polygender,116.25.101.188,Warri,,,Creek
746,Whit,Ridgewell,wridgewellkp@senate.gov,Male,26.169.147.44,Cincinnati,45208,Ohio,Fijian
747,Stacy,Kroger,skrogerkq@hp.com,Female,35.176.47.207,Lëbushë,,,Pima
748,Jessalin,Cappineer,jcappineerkr@webmd.com,Female,49.239.253.67,Menzel Jemil,,,Osage
749,Victoria,Killingworth,vkillingworthks@state.tx.us,Genderqueer,181.10.220.126,Smiřice,503 03,,Yuman
750,Fonsie,Balmforth,fbalmforthkt@dion.ne.jp,Male,151.174.26.128,Jasieniec,05-604,,Creek
751,Hephzibah,Harkin,hharkinku@creativecommons.org,Female,61.251.30.175,Trollhättan,461 58,Västra Götaland,Sioux
752,Pen,Bereford,pberefordkv@bing.com,Female,33.163.5.94,Genengan Kulon,,,Cree
753,Angelica,Rhyme,arhymekw@webnode.com,Female,233.40.64.2,Yitulihe,,,Polynesian
754,Gardie,Beckers,gbeckerskx@slideshare.net,Male,69.127.197.220,Reda,84-240,,Taiwanese
755,Vick,Tindall,vtindallky@sphinn.com,Bigender,202.139.106.123,Florencia,,,Laotian
756,Bevon,Palser,bpalserkz@stumbleupon.com,Male,14.29.245.240,São Gonçalo do Sapucaí,37490-000,,Micronesian
757,Clarie,Punter,cpunterl0@reddit.com,Female,132.176.68.198,Paris 01,75100 CEDEX 01,Île-de-France,Sioux
758,Trumann,Caddan,tcaddanl1@addthis.com,Male,151.250.248.76,Mat-i,9024,,Seminole
759,Gerhardt,Nuttey,gnutteyl2@last.fm,Male,181.118.81.154,Zhongjiapu,,,American Indian and Alaska Native (AIAN)
760,Reena,Libri,rlibril3@usgs.gov,Female,196.87.79.183,Chashan,,,Ecuadorian
761,Aubree,Le-Good,alegoodl4@marriott.com,Female,155.132.54.80,Palcamayo,,,South American
762,Dominick,Soppett,dsoppettl5@unblog.fr,Male,188.197.150.60,Ivry-sur-Seine,94857 CEDEX,Île-de-France,Chamorro
763,Amie,Aronowitz,aaronowitzl6@hugedomains.com,Female,218.190.116.232,Bāgh-e Maīdān,,,Laotian
764,Abran,Adamski,aadamskil7@ycombinator.com,Male,84.157.16.6,Rio Negrinho,89295-000,,Puget Sound Salish
765,Waldo,Margetson,wmargetsonl8@npr.org,Male,243.4.70.249,Padina,,,Costa Rican
766,Matelda,Porkiss,mporkissl9@canalblog.com,Genderqueer,174.59.217.208,Jati,,,Native Hawaiian and Other Pacific Islander (NHPI)
767,Mathe,Whatmough,mwhatmoughla@cnn.com,Male,250.96.59.182,Camden,08104,New Jersey,Laotian
768,Joellen,McPeck,jmcpecklb@github.io,Female,60.171.171.183,Gambang,,,Pakistani
769,Marlin,Pharo,mpharolc@amazon.de,Male,225.183.0.85,Hutou,,,Polynesian
770,Antonio,Tison,atisonld@devhub.com,Male,158.150.144.83,Радишани,1011,,Honduran
771,Goldia,Abson,gabsonle@mozilla.org,Female,183.22.92.164,Dioila,,,Samoan
772,Jenine,Tremblet,jtrembletlf@instagram.com,Female,36.103.64.192,Xincheng Chengguanzhen,,,Guatemalan
773,Wilden,Griniov,wgriniovlg@booking.com,Male,22.59.111.211,Medellin,6012,,Yuman
774,Kelwin,Jerisch,kjerischlh@yellowpages.com,Male,52.74.128.101,Tsil’na,433601,,Pima
775,Earl,Eliot,eeliotli@sogou.com,Agender,45.53.247.9,Singkup,,,Cree
776,Mile,Patesel,mpatesellj@networkadvertising.org,Male,38.205.82.141,Longtan,,,Menominee
777,Codi,Doggett,cdoggettlk@eventbrite.com,Female,62.167.142.247,Binglincha,,,Asian Indian
778,Eulalie,Gianneschi,egianneschill@topsy.com,Female,173.69.132.186,Fucha,,,Cree
779,Martita,Fairhurst,mfairhurstlm@ezinearticles.com,Female,201.140.241.43,Shangdian,,,Kiowa
780,Forester,Lilford,flilfordln@chron.com,Male,150.106.125.3,Kensington,S7K,Prince Edward Island,Cheyenne
781,Gabbie,Lake,glakelo@marriott.com,Genderqueer,249.58.3.135,Paamiut,3940,,Venezuelan
782,Yale,Gauford,ygaufordlp@businesswire.com,Male,75.69.15.204,Abu Dhabi,,,Taiwanese
783,Amber,Farran,afarranlq@arstechnica.com,Female,115.141.31.253,Visby,621 46,Gotland,Paiute
784,Esma,Irnys,eirnyslr@sfgate.com,Female,100.153.209.233,Neringa,93017,,Aleut
785,Elissa,Offner,eoffnerls@spotify.com,Female,33.113.18.158,Burujul,,,Chippewa
786,Conan,Matoshin,cmatoshinlt@shareasale.com,Male,144.9.101.229,Calçada,4615-467,Porto,Osage
787,Olympe,Baudacci,obaudaccilu@typepad.com,Female,128.134.59.139,Stockholm,100 52,Stockholm,Alaska Native
788,Hammad,Branwhite,hbranwhitelv@nationalgeographic.com,Male,215.92.211.43,Eido,4600-596,Porto,Chickasaw
789,Mahmoud,Tupman,mtupmanlw@ft.com,Male,155.143.193.28,Tarnowskie Góry,42-680,,Bolivian
790,Killy,Greenaway,kgreenawaylx@cdbaby.com,Male,245.34.240.249,Santa Rita,,,Cambodian
791,Bellanca,Twitty,btwittyly@loc.gov,Female,129.122.233.73,Tegina,,,Spaniard
792,Ondrea,Prene,oprenelz@va.gov,Female,104.249.56.182,Watulumbung,,,Puget Sound Salish
793,Merissa,Easterfield,measterfieldm0@prnewswire.com,Female,142.164.254.100,Ruse,7000,,Sri Lankan
794,Graeme,Redmain,gredmainm1@princeton.edu,Male,58.34.56.32,Lin’an,,,Pueblo
795,Rickie,Matzke,rmatzkem2@behance.net,Male,25.34.4.40,San Angelo,76905,Texas,Sioux
796,Evangelina,Sadlier,esadlierm3@auda.org.au,Female,202.20.172.14,Hudong,,,Argentinian
797,Kane,Eacott,keacottm4@tamu.edu,Male,80.170.225.187,Banyliv,,,Black or African American
798,Magda,Hanstock,mhanstockm5@china.com.cn,Female,193.36.175.29,Changning,,,Central American
799,Gerek,Bergen,gbergenm6@berkeley.edu,Male,81.169.68.156,Prosyana,,,Polynesian
800,Andriana,Danser,adanserm7@msu.edu,Female,37.175.120.87,Järfälla,177 40,Stockholm,Pima
801,Johnathon,Stapforth,jstapforthm8@ocn.ne.jp,Male,75.173.11.64,Freiburg im Breisgau,79106,Baden-Württemberg,Yuman
802,Hurley,Matton,hmattonm9@bloglovin.com,Male,207.104.141.80,Budagovo,665236,,Bangladeshi
803,Grantham,Hall-Gough,ghallgoughma@livejournal.com,Male,188.62.219.204,Zmiennica,36-212,,Delaware
804,Judas,Mullin,jmullinmb@free.fr,Genderqueer,43.212.14.62,Limanowa,34-651,,American Indian and Alaska Native (AIAN)
805,Maureene,Casper,mcaspermc@umich.edu,Female,69.239.130.184,Dabancheng,,,White
806,Kelsi,Hayto,khaytomd@dedecms.com,Female,168.239.170.49,Masku,21251,,Comanche
807,Frasquito,Ackrill,fackrillme@nih.gov,Male,79.144.248.188,Kalilangan,8718,,Houma
808,Clarence,Schwand,cschwandmf@pbs.org,Male,92.37.130.126,Pueblo Nuevo,233009,,Shoshone
809,Geraldine,Angless,ganglessmg@w3.org,Female,216.230.109.4,Changpo,,,White
810,Arne,de Merida,ademeridamh@godaddy.com,Male,239.207.139.121,Kapenguria,,,Micronesian
811,Gregoire,Guerin,gguerinmi@w3.org,Male,212.190.36.137,Khakhea,,,Peruvian
812,Roslyn,Birchill,rbirchillmj@paginegialle.it,Female,193.37.236.131,Hita,419-0125,,Pima
813,Henrie,Lindop,hlindopmk@harvard.edu,Female,93.226.102.52,Longgang,,,Latin American Indian
814,Tremain,Glason,tglasonml@pinterest.com,Male,156.144.92.197,Masku,21251,,Osage
815,Nike,Schlagtmans,nschlagtmansmm@theglobeandmail.com,Female,6.117.199.83,Esquipulas,20706,,Venezuelan
816,Jerrie,Klejin,jklejinmn@ustream.tv,Male,123.100.46.89,Novosin’kovo,141896,,Native Hawaiian
817,Annamaria,Lightbown,alightbownmo@independent.co.uk,Female,238.52.72.22,Ferrol,5506,,Melanesian
818,Wes,Bobasch,wbobaschmp@gmpg.org,Male,86.162.174.224,Armenta,,,Thai
819,Joya,Higgan,jhigganmq@bigcartel.com,Female,46.57.56.146,Sinait,2733,,Polynesian
820,Dal,Taggett,dtaggettmr@harvard.edu,Male,211.232.187.188,Brusque,88350-000,,Venezuelan
821,Loralee,Crosthwaite,lcrosthwaitems@youtube.com,Female,30.72.80.27,Rulong,,,Asian Indian
822,Gherardo,Wholesworth,gwholesworthmt@sourceforge.net,Male,28.211.103.189,La Victoria,95603,Veracruz Llave,Delaware
823,Kim,Alps,kalpsmu@spiegel.de,Female,130.171.99.6,Untolovo,431783,,South American
824,Javier,Greyes,jgreyesmv@twitpic.com,Male,42.23.203.3,Thành Phố Ninh Bình,,,Comanche
825,Timofei,Kasher,tkashermw@mayoclinic.com,Male,108.166.122.230,Pesisir,,,Pueblo
826,Trev,Sothern,tsothernmx@auda.org.au,Male,230.16.235.48,Muang Xay,,,Yuman
827,Rozalin,Mingard,rmingardmy@reuters.com,Female,210.249.137.101,Amagarapati,,,Delaware
828,Guido,Zoppo,gzoppomz@yandex.ru,Male,39.99.53.219,Dongluqiao,,,Aleut
829,Leslie,O'Docherty,lodochertyn0@miitbeian.gov.cn,Male,121.75.69.55,Koniaków,43-474,,Iroquois
830,Agosto,McKeachie,amckeachien1@examiner.com,Male,199.185.120.82,Tambarangan,,,Seminole
831,Jessamine,Pactat,jpactatn2@cnn.com,Female,83.8.67.22,Mirów,53-402,,Chickasaw
832,Ware,Dillingston,wdillingstonn3@cbsnews.com,Male,132.11.5.89,Ōami,299-4128,,Japanese
833,Alejandrina,Winterson,awintersonn4@wix.com,Genderqueer,227.20.121.2,Hiji,905-1413,,Fijian
834,Clarey,Odhams,codhamsn5@deviantart.com,Female,125.122.165.105,Youhao,,,Puerto Rican
835,Lanny,Jackson,ljacksonn6@auda.org.au,Male,56.200.195.116,Gagarin,,,Iroquois
836,Lind,Drew,ldrewn7@fc2.com,Male,214.200.211.130,Zhujiapu,,,Yuman
837,Muffin,Matskevich,mmatskevichn8@spotify.com,Male,220.55.212.166,Delareyville,2776,,Malaysian
838,Adrian,Imlaw,aimlawn9@spiegel.de,Female,91.65.231.49,Panyarang,,,Spaniard
839,Jeanette,Boddis,jboddisna@dropbox.com,Female,63.203.96.197,Spas-Zaulok,141667,,Laotian
840,Arly,Felce,afelcenb@myspace.com,Female,205.82.77.182,Dowsk,,,Taiwanese
841,Ferdinanda,Curgenven,fcurgenvennc@globo.com,Female,246.252.34.35,Kaga Bandoro,,,Tongan
842,Langsdon,Yuranovev,lyuranovevnd@tiny.cc,Male,221.111.215.210,Brochów,05-088,,Melanesian
843,Wolf,Engelmann,wengelmannne@moonfruit.com,Male,237.18.183.152,Volgorechensk,156901,,Seminole
844,Loria,Reimer,lreimernf@elpais.com,Female,155.183.1.37,Kadipaten,,,Ecuadorian
845,Randi,Grogona,rgrogonang@jalbum.net,Male,15.252.75.90,Ayapel,233539,,Delaware
846,Roanne,De Ruggiero,rderuggieronh@goodreads.com,Female,43.226.143.148,Timbaúba,55870-000,,Sioux
847,Valeria,Thoma,vthomani@google.fr,Female,160.243.116.84,Yanhong,,,Ute
848,Garnet,Rosenkrantz,grosenkrantznj@loc.gov,Female,183.219.29.16,Três Lagoas,79600-000,,South American
849,Tedda,Sapena,tsapenank@nhs.uk,Female,254.64.169.90,Ad Dabbah,,,Chilean
850,Ginny,Ireson,giresonnl@nhs.uk,Female,134.243.226.110,Gaopai,,,Pakistani
851,Ibrahim,Spikeings,ispikeingsnm@t.co,Male,166.134.166.198,La Esmeralda,,,Osage
852,Briney,Pigram,bpigramnn@issuu.com,Female,227.59.225.226,Pavlysh,,,Yakama
853,Leo,Bader,lbaderno@taobao.com,Male,231.83.250.170,Chengzhai,,,Hmong
854,Elbertine,Elkington,eelkingtonnp@cbsnews.com,Female,137.213.163.111,Ngulahan,,,Costa Rican
855,Godfree,Andries,gandriesnq@booking.com,Male,18.219.235.249,Tatarsk,632147,,Comanche
856,Raddy,Hufton,rhuftonnr@house.gov,Male,2.1.168.108,Daying,,,Tlingit-Haida
857,Nadean,Boorman,nboormanns@photobucket.com,Female,82.189.159.211,Muaralembu,,,Argentinian
858,Rodolph,Brasseur,rbrasseurnt@msn.com,Male,42.102.132.143,Perlez,,,Puget Sound Salish
859,Adriano,Maddinon,amaddinonnu@goo.ne.jp,Male,71.92.164.76,Eldoret,,,Asian Indian
860,Melvyn,Bachshell,mbachshellnv@state.gov,Male,87.224.107.147,Tangwāni,79151,,Chickasaw
861,Abbot,Lillegard,alillegardnw@nifty.com,Male,60.63.38.99,Dongtai,,,Navajo
862,Cirillo,Sandle,csandlenx@123-reg.co.uk,Male,2.20.161.204,Kimaam,,,Cree
863,Ryley,Stores,rstoresny@pbs.org,Genderfluid,199.21.154.39,Banjar Ambengan,,,Argentinian
864,Remy,Tewes,rtewesnz@mac.com,Female,114.107.195.116,Casuguran,4342,,Delaware
865,Zaccaria,Ralfe,zralfeo0@accuweather.com,Male,90.224.253.119,Bayramaly,,,Navajo
866,Wallis,Riddett,wriddetto1@hud.gov,Male,181.122.229.48,Karanglincak,,,Chinese
867,Axel,Caw,acawo2@dyndns.org,Male,128.237.234.212,Antas,4760-018,Braga,Yaqui
868,Lindy,Brookshaw,lbrookshawo3@typepad.com,Male,203.12.193.98,Sanzao,,,Thai
869,Sandor,Dundredge,sdundredgeo4@youtube.com,Male,27.220.86.251,Prata,58550-000,,Dominican (Dominican Republic)
870,Torry,Camoys,tcamoyso5@altervista.org,Male,205.133.159.137,Shawnee Mission,66276,Kansas,Native Hawaiian
871,Tiphany,Aylwin,taylwino6@free.fr,Female,188.112.85.35,Kaesŏng,,,Paraguayan
872,Carmel,Gehrels,cgehrelso7@sitemeter.com,Female,229.155.159.107,Bishan,,,Cree
873,Pembroke,Cobon,pcobono8@cbc.ca,Male,6.99.251.230,Honolulu,96805,Hawaii,Spaniard
874,Jerrome,Elleton,jelletono9@dmoz.org,Male,11.90.30.14,Santa Cruz,,,Alaskan Athabascan
875,Janela,Mardle,jmardleoa@google.co.jp,Female,190.118.34.237,Shaxi,,,Yaqui
876,Katrinka,Akaster,kakasterob@fda.gov,Female,166.115.175.134,Monte Azul Paulista,14730-000,,Asian
877,Sergent,Gledhall,sgledhalloc@cbslocal.com,Male,53.135.62.229,Kuala Lumpur,50990,Kuala Lumpur,Bolivian
878,Kerry,Sidlow,ksidlowod@purevolume.com,Male,223.106.12.89,Zebrzydowice,43-410,,Paraguayan
879,Averell,Tellenbach,atellenbachoe@wp.com,Male,101.67.219.66,La Vega,253618,,Filipino
880,Alexa,Cordeau],acordeauof@ning.com,Female,217.204.228.131,Mazatenango,10001,,Asian Indian
881,Yuma,Showt,yshowtog@nationalgeographic.com,Male,4.144.127.83,Hongshi,,,Chilean
882,Clair,Selly,csellyoh@booking.com,Female,197.43.52.105,Kurba,150534,,White
883,Dirk,Read,dreadoi@so-net.ne.jp,Male,5.209.136.147,El Calvario,75200,Puebla,Seminole
884,Thorny,Doward,tdowardoj@webmd.com,Male,86.238.134.253,Valašská Bystřice,756 27,,Asian Indian
885,Marlie,Tootin,mtootinok@topsy.com,Female,173.229.234.203,Zharkovskiy,172460,,Houma
886,Hi,Toffoloni,htoffoloniol@ustream.tv,Male,45.189.236.238,Birmingham,35244,Alabama,Chinese
887,Evania,Greenman,egreenmanom@house.gov,Female,113.47.222.126,Qingshuitang,,,Hmong
888,Neysa,McCord,nmccordon@sciencedirect.com,Female,195.118.49.76,Huangnaihai,,,Yuman
889,Devina,Hun,dhunoo@weebly.com,Female,249.13.67.75,Åhus,296 24,Skåne,Thai
890,Sydelle,Charlo,scharloop@mail.ru,Female,255.109.92.21,Margara,,,Alaskan Athabascan
891,Theo,Crollman,tcrollmanoq@moonfruit.com,Male,18.28.75.223,Kohila,,,Polynesian
892,Mechelle,Featherstonhalgh,mfeatherstonhalghor@goo.gl,Female,49.156.56.163,Bor,,,Taiwanese
893,Romola,Ullrich,rullrichos@google.ca,Female,64.215.138.80,Cikeusal,,,Crow
894,Keeley,Klima,kklimaot@businessinsider.com,Female,23.31.149.63,Nonsan,,,Osage
895,Niki,Redington,nredingtonou@jimdo.com,Male,101.28.35.40,Bell Ville,2550,,Paraguayan
896,Meredith,Pidduck,mpidduckov@acquirethisname.com,Male,243.25.26.11,Hurghada,,,Kiowa
897,Myles,Loyndon,mloyndonow@yelp.com,Male,64.243.147.254,Kazaure,,,Seminole
898,Whitney,McMonies,wmcmoniesox@imageshack.us,Female,232.0.76.73,Khodzha-Maston,,,Latin American Indian
899,Buck,Ruilton,bruiltonoy@example.com,Male,233.120.66.173,Inderka,442585,,Korean
900,Costanza,Sandercock,csandercockoz@techcrunch.com,Female,185.204.167.203,Sempu,,,Eskimo
901,Blakelee,Vamplers,bvamplersp0@state.gov,Female,119.97.162.105,Druzhny,,,Seminole
902,Louis,Krzyzanowski,lkrzyzanowskip1@indiatimes.com,Male,244.38.213.87,La Motte-Servolex,73295 CEDEX,Rhône-Alpes,Asian Indian
903,Allianora,Snow,asnowp2@bigcartel.com,Female,58.184.54.38,Bela Vista do Paraíso,86130-000,,Chippewa
904,Erick,Collar,ecollarp3@netvibes.com,Male,230.81.86.168,Jinshan,,,Comanche
905,Obie,Bangs,obangsp4@flickr.com,Male,145.200.150.158,Lagasit,2446,,Latin American Indian
906,Gerhardt,O'Kelly,gokellyp5@hatena.ne.jp,Non-binary,0.189.238.235,Karano,,,Chinese
907,Darcy,Toppes,dtoppesp6@artisteer.com,Female,226.181.183.99,Baofeng,,,Pueblo
908,Darrin,Stanner,dstannerp7@mit.edu,Male,163.46.19.231,Farriar,,,Honduran
909,Michelle,Hemmingway,mhemmingwayp8@dailymotion.com,Female,9.236.85.233,Louisville,40205,Kentucky,Black or African American
910,Glynda,Rowes,growesp9@technorati.com,Female,114.215.50.126,Daxin,,,Menominee
911,Silvano,Lebang,slebangpa@microsoft.com,Male,118.35.94.64,Jinhe,,,Mexican
912,Hayes,Yewdell,hyewdellpb@businesswire.com,Male,56.170.61.61,Hällefors,712 31,Örebro,Latin American Indian
913,Jacky,Cartwright,jcartwrightpc@mail.ru,Male,187.76.175.212,Bagé,96400-000,,Cherokee
914,Haley,Ackland,hacklandpd@pen.io,Female,215.67.209.175,Dajalorong,,,Sri Lankan
915,Letty,Boakes,lboakespe@dmoz.org,Female,28.21.184.22,Perushtitsa,4225,,Cheyenne
916,Justis,Milliken,jmillikenpf@liveinternet.ru,Male,222.122.206.231,Grabów,99-150,,Chamorro
917,Kayley,Scorton,kscortonpg@go.com,Female,137.189.146.219,Heqing,,,Colville
918,Constantino,Copcote,ccopcoteph@vimeo.com,Male,101.206.211.193,Pedro Leopoldo,33600-000,,Potawatomi
919,Betsey,Pert,bpertpi@sohu.com,Female,170.155.179.243,Mamara,,,Colville
920,Ragnar,Tennison,rtennisonpj@twitpic.com,Male,122.184.202.137,Guadalupe,10801,,Puerto Rican
921,Carrie,Reedie,creediepk@mayoclinic.com,Female,151.80.143.122,Kresek,,,Hmong
922,Magda,Moynihan,mmoynihanpl@t.co,Female,90.91.33.237,Granada,18015,Andalucia,Iroquois
923,Joaquin,Langelay,jlangelaypm@tiny.cc,Male,150.149.97.37,Orekhovo-Borisovo Severnoye,142717,,Apache
924,Margaretha,Macieiczyk,mmacieiczykpn@ow.ly,Female,131.217.91.64,Hlybokaye,,,Paiute
925,Dorey,Brymner,dbrymnerpo@japanpost.jp,Female,142.65.214.214,Tilburg,5019,Provincie Noord-Brabant,Costa Rican
926,Desmond,Webster,dwebsterpp@japanpost.jp,Male,49.249.223.34,Zeewolde,3899,Provincie Flevoland,Dominican (Dominican Republic)
927,Lincoln,Follit,lfollitpq@hubpages.com,Male,21.138.33.254,Cárdenas,,,Navajo
928,Rose,Biggins,rbigginspr@shutterfly.com,Female,195.139.31.21,Feilaixia,,,Aleut
929,Bartlett,Klugman,bklugmanps@nhs.uk,Male,34.65.236.168,Tacoma,98442,Washington,Japanese
930,Kimble,Cunnow,kcunnowpt@ow.ly,Male,107.182.180.125,Hongsi,,,Chilean
931,Nichols,Levee,nleveepu@army.mil,Male,254.117.175.215,Heqiao,,,American Indian
932,Codi,Portman,cportmanpv@yahoo.com,Male,197.208.4.2,Celorico de Basto,4890-223,Braga,Black or African American
933,Sholom,Grebert,sgrebertpw@flickr.com,Male,34.174.175.194,Puncaksari,,,Guatemalan
934,Cob,Jereatt,cjereattpx@businesswire.com,Male,89.178.170.24,Nuyno,,,Houma
935,Faustina,Godbold,fgodboldpy@about.me,Female,116.100.114.245,El Paso,79940,Texas,Tohono O'Odham
936,Gregoor,Curryer,gcurryerpz@tamu.edu,Male,110.146.246.71,Sambungjaya,,,Puget Sound Salish
937,Darnall,Duinbleton,dduinbletonq0@wisc.edu,Male,122.74.31.227,Garagoa,152867,,White
938,Jess,Howsam,jhowsamq1@wikipedia.org,Female,136.223.208.130,Chengmagang,,,Osage
939,Barnebas,Goodale,bgoodaleq2@cloudflare.com,Male,236.178.103.191,Longyuanba,,,Native Hawaiian and Other Pacific Islander (NHPI)
940,Kylynn,Lanham,klanhamq3@newsvine.com,Female,110.206.145.104,Zhoukoudian,,,Choctaw
941,Pooh,Skamal,pskamalq4@yandex.ru,Female,134.129.220.37,Karlskoga,691 41,Örebro,Pakistani
942,Archibald,Tyght,atyghtq5@pcworld.com,Male,172.215.246.58,Horizonte,62880-000,,Korean
943,Solomon,Kinnock,skinnockq6@telegraph.co.uk,Male,190.70.49.240,Rokytne,,,Paraguayan
944,Randie,Muckart,rmuckartq7@google.es,Female,253.8.169.210,Nahiyat Ghammas,,,Sioux
945,Carrol,Ewells,cewellsq8@uol.com.br,Male,236.72.79.167,New Hyde Park,11044,New York,Vietnamese
946,Sandy,Nesbit,snesbitq9@tinyurl.com,Male,163.93.65.35,Wuxi,,,Filipino
947,Lexi,Kirsch,lkirschqa@gov.uk,Female,110.223.191.209,Hanting,,,Pakistani
948,Melania,Friedank,mfriedankqb@homestead.com,Female,114.193.69.132,Sioux City,51105,Iowa,Bolivian
949,Llewellyn,Shelsher,lshelsherqc@house.gov,Male,111.87.32.91,Tubualá,,,Kiowa
950,Jesus,Millwall,jmillwallqd@homestead.com,Male,21.231.202.20,Zango,,,Chilean
951,Ernesta,Seally,eseallyqe@harvard.edu,Female,149.96.217.94,Sadek,,,Paraguayan
952,Sile,Hedin,shedinqf@google.com.hk,Female,6.237.149.15,Youghal,P36,,Venezuelan
953,Abby,Linstead,alinsteadqg@ucoz.com,Female,97.167.234.70,Laifang,,,Native Hawaiian
954,Artemis,Sollon,asollonqh@cafepress.com,Male,70.123.92.19,San Carlos de Bariloche,8400,,Salvadoran
955,Courtenay,Harrop,charropqi@wikimedia.org,Female,70.206.237.160,Nong Muang Khai,12140,,Puerto Rican
956,Kelcey,Bonick,kbonickqj@nydailynews.com,Female,97.37.142.162,Bamencheng,,,Argentinian
957,Rudiger,Schubbert,rschubbertqk@csmonitor.com,Male,183.44.242.183,Shuitianzhuang,,,Eskimo
958,Elita,Keig,ekeigql@nbcnews.com,Female,13.66.240.134,Pindushi,186323,,Creek
959,Devlin,Le Borgne,dleborgneqm@google.co.jp,Male,48.99.170.34,Sinŭiju,,,Bolivian
960,Bayard,Bilbrey,bbilbreyqn@exblog.jp,Male,175.153.252.216,Lallayug,6666,,Yuman
961,Cristian,Kenealy,ckenealyqo@jiathis.com,Male,126.57.142.102,Vostryakovo,140579,,Yaqui
962,Simone,Turneux,sturneuxqp@utexas.edu,Male,115.123.172.194,Meijiahe,,,American Indian and Alaska Native (AIAN)
963,Iggy,Norree,inorreeqq@google.es,Male,108.5.37.233,Stockholm,115 91,Stockholm,Guamanian
964,Audra,Gritland,agritlandqr@mtv.com,Female,186.44.168.0,Episkopí,,,Polynesian
965,Coop,Devany,cdevanyqs@google.it,Male,30.197.219.118,Tamanan,,,Paraguayan
966,Jethro,Mixer,jmixerqt@scribd.com,Genderqueer,68.133.57.189,Shenglilu,,,Vietnamese
967,Vivienne,MacParlan,vmacparlanqu@mac.com,Female,200.138.20.51,Parintins,69150-000,,Asian Indian
968,Fee,Lainge,flaingeqv@mtv.com,Male,133.247.90.229,Libato,9319,,Houma
969,Jewel,Obispo,jobispoqw@umich.edu,Female,19.27.30.71,Thị Trấn Ngan Dừa,,,Creek
970,Elvera,Issacoff,eissacoffqx@nature.com,Female,152.172.23.238,Jishan,,,Hmong
971,Lionel,Seakings,lseakingsqy@elpais.com,Male,117.51.199.202,Losari,,,Yakama
972,Gilli,Kolodziejski,gkolodziejskiqz@dropbox.com,Female,166.106.123.162,Kitwe,,,Peruvian
973,Clemmy,Wixey,cwixeyr0@a8.net,Female,134.234.171.86,La Roxas,6217,,Panamanian
974,Jarid,Laverenz,jlaverenzr1@wikipedia.org,Male,69.190.181.51,Lidong,,,Black or African American
975,Chas,Waiting,cwaitingr2@yellowbook.com,Male,215.37.99.73,Dingjia,,,White
976,Tybalt,Jeandon,tjeandonr3@digg.com,Male,199.35.100.231,Rancaranji,,,Apache
977,Farlay,Rabjohn,frabjohnr4@omniture.com,Male,248.158.20.174,Bené Beraq,,,Blackfeet
978,Burtie,Itzak,bitzakr5@lycos.com,Male,255.88.4.178,Kaminoyama,988-0413,,American Indian and Alaska Native (AIAN)
979,Blisse,Kesby,bkesbyr6@sfgate.com,Female,49.138.187.170,"Palmas De Gran Canaria, Las",35005,Canarias,Central American
980,Scot,Mellings,smellingsr7@paypal.com,Male,178.57.251.127,Dagsar,,,Cheyenne
981,Kristien,Playdon,kplaydonr8@xinhuanet.com,Female,209.63.246.183,Onan Ganjang Satu,,,Comanche
982,Benni,Huguenet,bhuguenetr9@merriam-webster.com,Genderfluid,208.34.117.67,Tuchoměřice,252 67,,American Indian and Alaska Native (AIAN)
983,Darnall,O'Luby,dolubyra@cisco.com,Male,46.41.19.57,Chartres,28034 CEDEX,Centre,Asian Indian
984,Dael,Waulker,dwaulkerrb@elpais.com,Non-binary,122.161.124.58,Wangunsari,,,Tongan
985,Abe,Heyfield,aheyfieldrc@t-online.de,Male,117.37.194.90,Bamban,2317,,Houma
986,Michaella,Tithacott,mtithacottrd@newsvine.com,Female,155.197.250.199,Coasa,,,Peruvian
987,Dorothee,Yesinin,dyesininre@csmonitor.com,Female,232.84.220.133,Narol,37-610,,Indonesian
988,Norris,Gerretsen,ngerretsenrf@harvard.edu,Male,72.220.14.145,Barubandung,,,Creek
989,Gail,Lempertz,glempertzrg@nationalgeographic.com,Female,65.67.66.17,Zolotonosha,,,Japanese
990,Rodd,Prettejohns,rprettejohnsrh@narod.ru,Male,146.189.208.252,Kangar,01578,Perlis,Delaware
991,Carola,Bank,cbankri@newyorker.com,Female,106.102.146.48,Josefina,7027,,Apache
992,Woodrow,Pentycross,wpentycrossrj@oaic.gov.au,Male,201.37.127.145,Antipolo,3129,,Apache
993,Urbano,Aldersley,ualdersleyrk@wix.com,Male,113.97.20.164,Maubeuge,59604 CEDEX,Nord-Pas-de-Calais,Blackfeet
994,William,Doulden,wdouldenrl@boston.com,Male,203.32.8.104,Arauco,5311,,Chilean
995,Gun,Wallhead,gwallheadrm@timesonline.co.uk,Male,0.200.30.229,San Antonio,4503,,Nicaraguan
996,Kendal,Cuddehy,kcuddehyrn@google.fr,Male,243.202.37.249,Hammarö,663 42,Värmland,Shoshone
997,Morna,Lepere,mleperero@facebook.com,Female,187.208.136.75,Lekaj,,,Crow
998,Marta,Budgey,mbudgeyrp@linkedin.com,Female,249.80.189.96,Předměřice nad Labem,503 02,,Kiowa
999,Jeralee,Grisdale,jgrisdalerq@tinyurl.com,Female,228.88.141.255,Alcanhões,2000-355,Santarém,Bangladeshi
1000,Tremayne,Ralton,traltonrr@va.gov,Male,249.249.30.6,Pilpichaca,,,South American
